"Ministro da Ciência,  Tecnologia e Inovação",Brasília,06/01/2016 - 08:40,Rio de Janeiro (Santos Dumont),06/01/2016 - 10:10,Serviço,11,,,,,,,
"Ministro da Ciência,  Tecnologia e Inovação",Rio de Janeiro (Santos Dumont),06/01/2016 - 19:15,Brasília,06/01/2016 - 20:40,Serviço,10,,,,,,,
Ministro da Integração Nacional,Brasília,06/01/2016 - 07:00,Uruguaiana,06/01/2016 - 09:40,Serviço,10,,,,,,,
Ministro da Integração Nacional,Uruguaiana,06/01/2016 - 15:25,Santa Maria,06/01/2016 - 16:05,Serviço,10,,,,,,,
Ministro da Integração Nacional,Santa Maria,06/01/2016 - 19:35,Brasília,06/01/2016 - 21:55,Serviço,10,,,,,,,
Ministro do Desenvolvimento Agrário ,Interino,Brasília,06/01/2016 - 09:55,Marabá,06/01/2016 - 10:35,Serviço,5,,,,,,
Controladoria-Geral da União ,Interino,Brasília,05/01/2016 - 18:30,São Paulo (Congonhas),05/01/2016 - 19:55,Serviço,4,,,,,,
Controladoria-Geral da União ,Interino,Guarulhos,06/01/2016 - 01:00,Brasília,06/01/2016 - 02:25,Serviço,4,,,,,,
Presidente da Câmara dos Deputados,Brasília,07/01/2016 - 09:10,Rio de Janeiro (Santos Dumont),07/01/2016 - 10:35,Residência,9,,,,,,,
Ministro da Saúde,Brasília,07/01/2016 - 13:20,Campo Grande,07/01/2016 - 13:45,Serviço,12,,,,,,,
Ministro da Saúde,Campo Grande,07/01/2016 - 18:20,São Luís,07/01/2016 - 21:25,Serviço,12,,,,,,,
Ministro do Desenvolvimento Agrário ,Interino,Marabá,08/01/2016 - 09:00,Brasília,08/01/2016 - 12:00,Serviço,5,,,,,,
Presidente do Banco Central do Brasil,Brasília,08/01/2016 - 17:20,Guarulhos,08/01/2016 - 18:55,Serviço,4,,,,,,,
Presidente do Supremo Tribunal Federal,Brasília,09/01/2016 - 11:20,São Paulo (Congonhas),09/01/2016 - 12:50,Serviço,2,,,,,,,
Presidente da Câmara dos Deputados,Brasília,13/01/2016 - 19:15,Rio de Janeiro (Santos Dumont),13/01/2016 - 20:40,Residência,9,,,,,,,
Ministro da Justiça,Brasília,13/01/2016 - 20:30,Guarulhos,13/01/2016 - 21:50,Serviço,2,,,,,,,
Ministro da Defesa,Brasília,12/01/2016 - 12:00,Recife,12/01/2016 - 13:20,Serviço,14,,,,,,,
Ministro da Defesa,Paulo Afonso,13/01/2016 - 17:20,Brasília,13/01/2016 - 20:15,Serviço,14,,,,,,,
Ministro da Educação,Brasília,13/01/2016 - 13:35,São Paulo (Congonhas),13/01/2016 - 15:10,Serviço,6,,,,,,,
Comandante do Exército,Brasília,12/01/2016 - 08:10,Belém,12/01/2016 - 09:20,Serviço,17,,,,,,,
Comandante do Exército,Belém,13/01/2016 - 14:00,Brasília,13/01/2016 - 17:30,Serviço,17,,,,,,,
Presidente do Supremo Tribunal Federal,Brasília,15/01/2016 - 11:00,Curitiba,15/01/2016 12:40,Serviço,2,,,,,,,
Presidente do Supremo Tribunal Federal,Curitiba,15/01/2016 - 18:15,São Paulo (Congonhas),15/01/2016 19:00,Serviço,2,,,,,,,
Ministro das Relações Exteriores,Brasília,13/01/2016 - 13:35,Buenos Aires,13/01/2016 - 15:50,Serviço,7,,,,,,,
Ministro das Relações Exteriores,Buenos Aires,14/01/2016 - 20:15,Brasília,15/01/2016 - 00:25,Serviço,7,,,,,,,
Ministro da Fazenda,Brasília,14/01/2016 - 10:15,São Paulo (Congonhas),14/01/2016 11:35,Serviço,2,,,,,,,
Ministro da Fazenda,São Paulo (Congonhas),15/01/2016 - 10:45,Brasília,15/01/2016 12:10,Serviço,2,,,,,,,
Ministro da Saúde,Brasília,15/01/2016 - 07:55,São Paulo (Congonhas),15/01/2016 09:15,Serviço,9,,,,,,,
Ministro da Saúde,São Paulo (Congonhas),15/01/2016 - 18:50,Rio de Janeiro (Santos Dumont),15/01/2016 19:35,Serviço,9,,,,,,,
Ministro-chefe da Secretaria de Comunicação Social da PR,Brasília,15/01/2016 - 12:20,São Luís,15/01/2016 13:20,Serviço,4,,,,,,,
Ministro-chefe da Secretaria de Comunicação Social da PR,São Luís,15/01/2016 - 18:35,Imperatriz,15/01/2016 19:30,Serviço,3,,,,,,,
Ministro da Defesa,Brasília,16/01/2016 - 08:00,São Luís,16/01/2016 09:05,Serviço,13,,,,,,,
Ministro da Defesa,São Luís,16/01/2016 - 16:10,Brasília,16/01/2016 19:30,Serviço,23,,,,,,,
Ministro-chefe da Secretaria de Comunicação Social da PR,Imperatriz,16/01/2016 - 07:10,Ribeirão Preto,16/01/2016 10:40,Serviço,2,,,,,,,
Presidente da Câmara dos Deputados,Rio de Janeiro (Santos Dumont),12/01/2016 - 09:15,Brasília,12/01/2016 - 10:40,Serviço,9,,,,,,,
Presidente do Supremo Tribunal Federal,São Paulo (Congonhas),12/01/2016 - 14:10,Brasília,12/01/2016 - 15:40,Serviço,2,,,,,,,
Presidente do Banco Central do Brasil,Guarulhos,12/01/2016 - 09:05,Brasília,12/01/2016 - 10:30,Serviço,4,,,,,,,
Presidente da Câmara dos Deputados,Rio de Janeiro (Santos Dumont),18/01/2016 - 12:50,São Paulo (Congonhas),18/01/2016 - 13:40,Serviço,9,,,,,,,
Presidente da Câmara dos Deputados,São Paulo (Congonhas),18/01/2016 - 19:55,Brasília,18/01/2016 - 21:25,Serviço,9,,,,,,,
Ministro da Defesa,Brasília,17/01/2016 - 15:15,Maceió,17/01/2016 - 16:20,Serviço,5,,,,,,,
Ministro da Defesa,Maceió,18/01/2016 - 12:25,Brasília,18/01/2016 - 15:45,Serviço,6,,,,,,,
Ministro da Integração Nacional,Brasília,19/01/2016 - 08:45,Maringá,19/01/2016 - 10:15,Serviço,10,,,,,,,
Ministro da Integração Nacional,Maringá,19/01/2016 - 14:40,Londrina,19/01/2016 - 14:55,Serviço,10,,,,,,,
Ministro da Integração Nacional,Londrina,19/01/2016 - 17:10,Brasília,19/01/2016 - 18:35,Serviço,10,,,,,,,
Advogado Geral da União,Brasília,19/01/2016 - 10:45,Belo Horizonte (Pampulha),19/01/2016 - 12:15,Serviço,8,,,,,,,
Advogado Geral da União,Belo Horizonte (Pampulha),19/01/2016 - 18:00,Brasília,19/01/2016 - 19:35,Serviço,8,,,,,,,
Ministro da Controladoria-Geral da União ,Interino,Brasília,19/01/2016 - 11:10,Rio de Janeiro (Santos Dumont),19/01/2016 - 12:45,Serviço,7,,,,,,
Ministro da Controladoria-Geral da União ,Interino,Rio de Janeiro (Santos Dumont),19/01/2016 - 16:35,Brasília,19/01/2016 - 18:10,Serviço,10,,,,,,
Ministro da Defesa,Brasília,20/01/2016 - 17:45,São Paulo (Congonhas),20/01/2016 - 19:05,Serviço,11,,,,,,,
Ministro do Trabalho e Previdência Social,Brasília,19/01/2016 - 07:25,Rio de Janeiro (Santos Dumont),19/01/2016 - 08:55,Serviço,12,,,,,,,
Ministro do Trabalho e Previdência Social,Rio de Janeiro (Santos Dumont),19/01/2016 - 14:35,Porto Alegre,19/01/2016 - 16:25,Serviço,8,,,,,,,
Ministro do Trabalho e Previdência Social,Porto Alegre,20/01/2016 - 08:15,Curitiba,20/01/2016 - 09:10,Serviço,8,,,,,,,
Ministro do Trabalho e Previdência Social,Curitiba,20/01/2016 - 13:05,Brasília,20/01/2016 - 14:45,Serviço,8,,,,,,,
Ministro-chefe da Secretaria de Comunicação Social da PR,Brasília,19/01/2016 - 13:50,Rio de Janeiro (Santos Dumont),19/01/2016 - 15:20,Serviço,3,,,,,,,
Ministro-chefe da Secretaria de Comunicação Social da PR,Rio de Janeiro (Santos Dumont),20/01/2016 - 08:10,Brasília,20/01/2016 - 09:40,Serviço,3,,,,,,,
Presidente da Câmara dos Deputados,Brasília,21/01/2016 - 09:15,Rio de Janeiro (Galeão),21/01/2016 - 10:45,Residência,9,,,,,,,
Ministro da Defesa,Sorocaba,21/01/2016 - 14:25,Brasília,21/01/2016 - 16:30,Serviço,9,,,,,,,
Ministra do Desenvolvimento Social e Combate à Fome,Brasília,21/01/2016 - 09:20,Porto Alegre,21/01/2016 - 11:45,Serviço,8,,,,,,,
"Ministro do Planejamento, Orçamento e Gestão",Brasília,21/01/2016 - 13:55,Araçatuba,21/01/2016 - 15:00,Serviço,8,,,,,,,
"Ministro do Planejamento, Orçamento e Gestão",Araçatuba,21/01/2016 - 18:20,Brasília,21/01/2016 - 19:30,Serviço,8,,,,,,,
Ministro das Cidades,Recife,21/01/2016 - 14:55,São Paulo (Congonhas),21/01/2016 - 18:55,Serviço,7,,,,,,,
Ministro dos Transportes,Brasília,25/01/2016 - 09:05,Rio de Janeiro (Santos Dumont),25/01/2016 10:35,Serviço,15,,,,,,,
Ministro dos Transportes,Rio de Janeiro (Santos Dumont),25/01/2016 - 18:35,Brasília,25/01/2016 20:25,Serviço,15,,,,,,,
"Ministro do Desenvolvimento, Indústria e Comércio Exterior",Petrolina,25/01/2016 - 15:25,Brasília,25/01/2016 19:00,Serviço,9,,,,,,,
Ministro das Cidades,São Paulo (Congonhas),25/01/2016 - 09:35,Porto Alegre,25/01/2016 10:55,Serviço,6,,,,,,,
Ministro das Cidades,Porto Alegre,25/01/2016 - 16:25,Brasília,25/01/2016 19:00,Serviço,6,,,,,,,
Ministro da Defesa (1),Brasília,22/01/2016 - 08:30,São Paulo (Congonhas),22/01/2016 - 09:50,Serviço,12,,,,,,,
Ministro da Educação (1),Brasília,22/01/2016 - 08:30,São Paulo (Congonhas),22/01/2016 - 09:50,Serviço,6,,,,,,,
Ministro da Saúde,Brasília,22/01/2016 - 07:50,Juazeiro Do Norte,22/01/2016 - 08:45,Serviço,10,,,,,,,
Ministro da Saúde,Juazeiro Do Norte,22/01/2016 - 16:20,Teresina,22/01/2016 - 17:15,Serviço,10,,,,,,,
Ministro do Esporte,Brasília,22/01/2016 - 09:00,Montes Claros,22/01/2016 - 10:20,Serviço,5,,,,,,,
Ministro do Esporte,Montes Claros,22/01/2016 - 19:40,Brasília,22/01/2016 - 20:45,Serviço,5,,,,,,,
Ministro da Integração Nacional,Brasília,22/01/2016 - 08:15,Boa Vista,22/01/2016 - 09:40,Serviço,6,,,,,,,
Ministro da Integração Nacional,Boa Vista,22/01/2016 - 13:45,Brasília,22/01/2016 - 19:35,Serviço,6,,,,,,,
Ministro-chefe da Secretaria de Aviação Civil da PR,Brasília,22/01/2016 - 11:25,Tabatinga,22/01/2016 - 12:05,Serviço,10,,,,,,,
Ministro-chefe da Secretaria de Aviação Civil da PR,Tabatinga,22/01/2016 - 18:45,Santarém,22/01/2016 - 23:05,Serviço,10,,,,,,,
Comandante do Exército,São Paulo (Congonhas),22/01/2016 - 14:50,Brasília,22/01/2016 - 16:20,Serviço,6,,,,,,,
Ministro-chefe da Secretaria de Aviação Civil da PR,Santarém,23/01/2016 - 14:55,Brasília,23/01/2016 - 18:30,Serviço,12,,,,,,,
Ministro-chefe da Casa Civil da Presidência da República,Salvador,24/01/2016 - 16:00,Brasília,24/01/2016 - 18:45,Serviço,3,,,,,,,
Presidente da Câmara dos Deputados,Rio de Janeiro (Santos Dumont),26/01/2016 - 09:25,Brasília,26/01/2016 - 11:00,Serviço,9,,,,,,,
Ministro da Defesa,Brasília,25/01/2016 - 09:20,Asunción,25/01/2016 - 10:25,Serviço,10,,,,,,,
Ministro da Defesa,Asunción,26/01/2016 - 15:20,Brasília,26/01/2016 - 18:20,Serviço,10,,,,,,,
Ministra do Desenvolvimento Social e Combate à Fome,Brasília,26/01/2016 - 14:25,São Paulo (Congonhas),26/01/2016 - 15:55,Serviço,6,,,,,,,
Ministro-chefe da Secretaria de Portos da PR,Brasília,26/01/2016 - 10:40,Recife,26/01/2016 - 11:55,Serviço,12,,,,,,,
Ministro-chefe da Secretaria de Portos da PR,Recife,26/01/2016 - 17:15,Brasília,26/01/2016 - 20:40,Serviço,12,,,,,,,
Ministra do Desenvolvimento Social e Combate à Fome,São Paulo (Congonhas),27/01/2016 - 15:30,Brasília,27/01/2016 - 17:05,Serviço,2,,,,,,,
"Ministro da Ciência,  Tecnologia e Inovação",Brasília,27/01/2016 - 08:15,Rio de Janeiro (Santos Dumont),27/01/2016 - 09:40,Serviço,10,,,,,,,
"Ministro da Ciência,  Tecnologia e Inovação",Rio de Janeiro (Santos Dumont),27/01/2016 - 20:35,Brasília,27/01/2016 - 22:00,Serviço,10,,,,,,,
Ministro-chefe da Secretaria de Comunicação Social da PR,Brasília,27/01/2016 - 12:30,São Paulo (Congonhas),27/01/2016 - 13:55,Serviço,6,,,,,,,
Ministro-chefe da Secretaria de Comunicação Social da PR,São Paulo (Congonhas),27/01/2016 - 20:30,Brasília,27/01/2016 - 22:00,Serviço,6,,,,,,,
Comandante da Marinha,Brasília,27/01/2016 - 15:25,Rio de Janeiro (Santos Dumont),27/01/2016 - 16:55,Serviço,4,,,,,,,
Comandante do Exército,Brasília,25/01/2016 - 09:35,Buenos Aires,25/01/2016 - 12:00,Serviço,6,,,,,,,
Comandante do Exército,Buenos Aires,26/01/2016 - 11:15,Porto Alegre,26/01/2016 - 13:30,Serviço,6,,,,,,,
Comandante do Exército,Porto Alegre,27/01/2016 - 07:50,Brasília,27/01/2016 - 10:15,Serviço,6,,,,,,,
Presidente da Câmara dos Deputados,Brasília,28/01/2016 - 18:25,Rio de Janeiro (Galeão),28/01/2016 20:30,Residência,9,,,,,,,
Ministro das Relações Exteriores,Brasília,25/01/2016 - 19:25,Quito (Equador),25/01/2016 21:50,Serviço,5,,,,,,,
Ministro das Relações Exteriores,Quito (Equador),28/01/2016 - 15:55,Brasília,29/01/2016 00:35,Serviço,5,,,,,,,
Ministro do Esporte,Belo Horizonte (Pampulha),28/01/2016 - 07:00,São Paulo (Congonhas),28/01/2016 - 08:00,Serviço,5,,,,,,,
Ministro do Esporte,São Paulo (Congonhas),29/01/2016 - 08:35,Votuporanga,29/01/2016 - 09:30,Serviço,14,,,,,,,
Ministro do Esporte,Votuporanga,29/01/2016 - 16:30,Brasília,29/01/2016 - 17:35,Serviço,5,,,,,,,
"Ministério das Mulheres, Igualdade Racial e Direitos Humanos",Brasília,30/01/2016 - 09:20,Imperatriz,30/01/2016 - 09:55,Serviço,4,,,,,,,
"Ministério das Mulheres, Igualdade Racial e Direitos Humanos",Imperatriz,30/01/2016 - 19:55,Brasília,30/01/2016 - 22:45,Serviço,4,,,,,,,
Presidente do Congresso Nacional,Maceió,31/01/2016 - 18:15,Brasília,31/01/2016 - 21:25,Serviço,4,,,,,,,
Presidente da Câmara dos Deputados,Rio de Janeiro (Santos Dumont),01/02/2016 - 08:30,Brasília,01/02/2016 10:05,Serviço,9,,,,,,,
Presidente do Supremo Tribunal Federal,São Paulo (Congonhas),01/02/2016 - 10:05,Brasília,01/02/2016 11:30,Serviço,2,,,,,,,
Ministro da Saúde,Brasília,01/02/2016 - 19:25,São Paulo (Congonhas),01/02/2016 20:55,Serviço,5,,,,,,,
Ministro do Desenvolvimento Agrário,Brasília,01/02/2016 - 17:20,Bagé,01/02/2016 20:10,Serviço,8,,,,,,,
Ministro da Defesa,Brasília,02/02/2016 - 16:40,Campinas,02/02/2016 - 18:10,Serviço,12,,,,,,,
Ministro da Defesa,Campinas,03/02/2016 - 14:20,Brasília,03/02/2016 - 15:35,Serviço,12,,,,,,,
Ministro da Educação,Brasília,02/02/2016 - 16:40,Manaus (Eduardo Gomes),02/02/2016 - 17:10,Serviço,6,,,,,,,
Ministro da Educação,Manaus (Eduardo Gomes),03/02/2016 - 14:45,Brasília,03/02/2016 - 19:35,Serviço,6,,,,,,,
Ministro do Trabalho e Previdência Social,Brasília,03/02/2016 - 07:15,Salvador,03/02/2016 - 07:55,Serviço,8,,,,,,,
Ministro do Trabalho e Previdência Social,Salvador,03/02/2016 - 14:30,Brasília,03/02/2016 - 17:15,Serviço,8,,,,,,,
Ministra do Desenvolvimento Social e Combate à Fome,Brasília,03/02/2016 - 06:30,Teresina,03/02/2016 - 08:35,Serviço,5,,,,,,,
Ministra do Desenvolvimento Social e Combate à Fome,Teresina,03/02/2016 - 12:00,Brasília,03/02/2016 - 16:05,Serviço,5,,,,,,,
Ministro da Saúde,Brasília,02/02/2016 - 19:00,Montevideo (Uruguai),02/02/2016 - 21:15,Serviço,11,,,,,,,
Ministro da Saúde,Montevideo (Uruguai),03/02/2016 - 18:05,Brasília,03/02/2016 - 22:15,Serviço,11,,,,,,,
Ministro do Esporte,Brasília,01/02/2016 - 19:25,Boa Vista,01/02/2016 - 20:45,Serviço,25,,,,,,,
Ministro do Esporte,Boa Vista,02/02/2016 - 16:10,Manaus (Eduardo Gomes),02/02/2016 - 17:25,Serviço,25,,,,,,,
Ministro do Esporte,Manaus (Eduardo Gomes),02/02/2016 - 21:15,Rio Branco,02/02/2016 - 23:05,Serviço,25,,,,,,,
Ministro do Esporte,Rio Branco,03/02/2016 - 16:50,Porto Velho,03/02/2016 - 17:45,Serviço,25,,,,,,,
Ministro do Esporte,Porto Velho,03/02/2016 - 20:30,Brasília,04/02/2016 - 01:20,Serviço,25,,,,,,,
"Ministério das Mulheres, Igualdade Racial e Direitos Humanos",Brasília,03/02/2016 - 08:15,Luis Eduardo Magalhães,03/02/2016 - 09:30,Serviço,4,,,,,,,
"Ministério das Mulheres, Igualdade Racial e Direitos Humanos",Luis Eduardo Magalhães,03/02/2016 - 14:25,Brasília,03/02/2016 - 16:40,Serviço,4,,,,,,,
Presidente da Câmara dos Deputados,Brasília,04/02/2016 - 17:20,Rio de Janeiro (Santos Dumont),04/02/2016 - 18:50,Residência,9,,,,,,,
"Ministro da Ciência,  Tecnologia e Inovação (1)",Brasília,04/02/2016 - 08:25,Rio de Janeiro (Santos Dumont),04/02/2016 - 10:00,Serviço,6,,,,,,,
Ministro do Desenvolvimento Agrário,Pelotas,04/02/2016 - 15:55,Brasília,04/02/2016 - 18:30,Serviço,8,,,,,,,
Ministro das Cidades,Brasília,04/02/2016 - 10:20,Cuiabá,04/02/2016 - 10:45,Serviço,19,,,,,,,
Ministro das Cidades,Cuiabá,04/02/2016 - 18:55,São Paulo (Congonhas),04/02/2016 - 21:55,Serviço,15,,,,,,,
Ministro-chefe da Secretaria de Comunicação Social da PR (1),Brasília,04/02/2016 - 08:25,Rio de Janeiro (Santos Dumont),04/02/2016 - 10:00,Serviço,4,,,,,,,
Ministro-chefe da Secretaria de Comunicação Social da PR,Rio de Janeiro (Santos Dumont),04/02/2016 - 20:15,Brasília,04/02/2016 - 21:50,Serviço,12,,,,,,,
Presidente do Supremo Tribunal Federal,Brasília,05/02/2016 - 16:50,São Paulo (Congonhas),05/02/2016 - 18:10,Serviço,2,,,,,,,
Ministro da Fazenda,Brasília,04/02/2016 - 12:20,São Paulo (Congonhas),04/02/2016 - 13:40,Serviço,4,,,,,,,
Ministro da Fazenda,São Paulo (Congonhas),05/02/2016 - 12:40,Brasília,05/02/2016 - 14:10,Serviço,4,,,,,,,
Ministro do Desenvolvimento Agrário,Brasília,05/02/2016 - 09:35,São Sebastião Do Paraíso,05/02/2016 - 10:30,Serviço,6,,,,,,,
Ministro do Desenvolvimento Agrário,São Sebastião Do Paraíso,05/02/2016 - 14:05,Brasília,05/02/2016 - 15:05,Serviço,6,,,,,,,
Ministro das Cidades,São Paulo (Congonhas),10/02/2016 - 08:10,Brasília,10/02/2016 - 09:30,Serviço,7,,,,,,,
Ministro das Cidades,Brasília,11/02/2016 - 10:20,Curitiba,11/02/2016 11:55,Serviço,6,,,,,,,
Ministro das Cidades,Curitiba,11/02/2016 - 15:55,São Paulo (Congonhas),11/02/2016 16:40,Serviço,6,,,,,,,
Ministro da Defesa,Brasília,12/02/2016 - 09:10,Dourados,12/02/2016 - 09:45,Serviço,40,,,,,,,
Ministro da Defesa,Dourados,12/02/2016 - 15:45,Brasília,12/02/2016 - 18:35,Serviço,40,,,,,,,
Ministro da Defesa,Brasília,12/02/2016 - 19:15,São Paulo (Congonhas),12/02/2016 - 21:00,Serviço,12,,,,,,,
"Ministro da Agricultura, Pecuária e Abastecimento",Brasília,12/02/2016 - 09:20,Palmas,12/02/2016 - 09:20,Serviço,6,,,,,,,
Ministra do Desenvolvimento Social e Combate à Fome (1),Brasília,12/02/2016 - 14:35,Recife,12/02/2016 - 15:50,Serviço,20,,,,,,,
Ministro da Saúde,Brasília,12/02/2016 - 19:30,Salvador,12/02/2016 - 20:55,Serviço,9,,,,,,,
Ministro das Minas e Energia,Brasília,12/02/2016 - 19:15,Porto Alegre,12/02/2016 - 21:40,Serviço,4,,,,,,,
Ministro do Esporte,Brasília,12/02/2016 - 09:10,Palmas,12/02/2016 - 09:05,Serviço,25,,,,,,,
Ministro do Esporte,Palmas,12/02/2016 - 14:10,Macapá,12/02/2016 - 16:00,Serviço,25,,,,,,,
Ministro do Esporte,Macapá,12/02/2016 - 18:20,Campo Grande,12/02/2016 - 21:50,Serviço,25,,,,,,,
Ministro do Desenvolvimento Agrário,Belo Horizonte (Pampulha),12/02/2016 - 20:10,Goiânia,12/02/2016 - 21:50,Serviço,3,,,,,,,
Ministro das Cidades,São Paulo (Congonhas),12/02/2016 - 07:10,Rio de Janeiro (Galeão),12/02/2016 - 07:55,Serviço,6,,,,,,,
"Ministério das Mulheres, Igualdade Racial e Direitos Humanos (1)",Brasília,12/02/2016 - 14:35,Recife,12/02/2016 - 15:50,Serviço,3,,,,,,,
"Ministério das Mulheres, Igualdade Racial e Direitos Humanos",Recife,12/02/2016 - 17:00,Teresina,12/02/2016 - 18:20,Serviço,3,,,,,,,
Ministro da Justiça,Guarulhos,13/02/2016 - 00:30,Fortaleza,13/02/2016 - 02:30,Serviço,2,,,,,,,
Ministro da Defesa,Campinas,13/02/2016 - 12:25,Brasília,13/02/2016 - 13:35,Serviço,12,,,,,,,
Ministro da Fazenda,Brasília,13/02/2016 - 07:15,Belo Horizonte (Pampulha),13/02/2016 - 08:20,Serviço,6,,,,,,,
Ministro da Fazenda,Belo Horizonte (Pampulha),13/02/2016 - 10:40,Brasília,13/02/2016 - 11:50,Serviço,6,,,,,,,
Ministro da Cultura,Brasília,13/02/2016 - 08:20,Porto Velho,13/02/2016 - 08:45,Serviço,11,,,,,,,
Ministro da Cultura,Porto Velho,13/02/2016 - 09:30,Rio Branco,13/02/2016 - 09:20,Serviço,8,,,,,,,
Ministro da Cultura,Rio Branco,13/02/2016 - 14:10,Porto Velho,13/02/2016 - 16:00,Serviço,8,,,,,,,
Ministro da Cultura,Porto Velho,13/02/2016 - 16:50,Brasília,13/02/2016 - 21:50,Serviço,11,,,,,,,
Ministro do Trabalho e Previdência Social,Brasília,13/02/2016 - 06:50,Palmas,13/02/2016 - 06:50,Serviço,8,,,,,,,
Ministro do Trabalho e Previdência Social,Palmas,13/02/2016 - 14:30,Brasília,13/02/2016 - 16:40,Serviço,8,,,,,,,
Ministra do Desenvolvimento Social e Combate à Fome,Recife,13/02/2016 - 15:10,Brasília,13/02/2016 - 18:30,Serviço,20,,,,,,,
Ministro da Saúde,Salvador,13/02/2016 - 11:55,Brasília,13/02/2016 - 15:15,Serviço,9,,,,,,,
"Ministro do Desenvolvimento, Indústria e Comércio Exterior",Recife,13/02/2016 - 07:35,Natal,13/02/2016 - 08:10,Serviço,4,,,,,,,
"Ministro do Desenvolvimento, Indústria e Comércio Exterior",Natal,13/02/2016 - 11:55,Recife,13/02/2016 - 12:25,Serviço,4,,,,,,,
Ministro do Esporte,Campo Grande,13/02/2016 - 16:05,Belo Horizonte (Pampulha),13/02/2016 - 18:55,Serviço,25,,,,,,,
Ministro das Cidades,São Paulo (Congonhas),13/02/2016 - 07:40,Cuiabá,13/02/2016 - 08:25,Serviço,5,,,,,,,
Ministro das Cidades,Cuiabá,13/02/2016 - 11:45,São Paulo (Congonhas),13/02/2016 - 14:55,Serviço,5,,,,,,,
"Ministério das Mulheres, Igualdade Racial e Direitos Humanos",Teresina,13/02/2016 - 15:40,Brasília,13/02/2016 - 18:35,Serviço,3,,,,,,,
Secretaria de Governo da Presidência da República,Brasília,13/02/2016 - 07:05,Manaus,13/02/2016 - 09:45,Serviço,5,,,,,,,
Secretaria de Governo da Presidência da República,Manaus,13/02/2016 - 12:50,Brasília,13/02/2016 - 15:50,Serviço,5,,,,,,,
Advogado Geral da União ,Interino,Brasília,13/02/2016 - 08:05,São José Do Rio Preto,13/02/2016 09:00,Serviço,2,,,,,,
Advogado Geral da União ,Interino,São José Do Rio Preto,13/02/2016 - 18:20,Brasília,13/02/2016 19:20,Serviço,2,,,,,,
Ministro-chefe da Secretaria de Portos da PR,Rio de Janeiro (Santos Dumont),13/02/2016 - 07:00,Santos,13/02/2016 - 08:45,Serviço,12,,,,,,,
Ministro-chefe da Secretaria de Portos da PR,Santos,13/02/2016 - 13:40,Rio de Janeiro (Santos Dumont),13/02/2016 - 14:30,Serviço,12,,,,,,,
Comandante da Aeronáutica,Brasília,13/02/2016 - 07:10,São Luís,13/02/2016 - 08:20,Serviço,3,,,,,,,
Comandante da Aeronáutica,São Luís,13/02/2016 - 14:35,Salvador,13/02/2016 - 16:35,Serviço,3,,,,,,,
Comandante da Aeronáutica,Salvador,13/02/2016 - 16:35,Brasília,13/02/2016 - 19:10,Serviço,3,,,,,,,
Presidente da Câmara dos Deputados,Rio de Janeiro (Santos Dumont),14/02/2016 - 20:50,Brasília,14/02/2016 - 22:15,Serviço,9,,,,,,,
Ministro da Justiça,Fortaleza,14/02/2016 - 17:00,Brasília,14/02/2016 - 20:30,Serviço,2,,,,,,,
Ministro do Esporte,Belo Horizonte (Pampulha),15/02/2016 - 10:00,Brasília,15/02/2016 - 11:00,Serviço,12,,,,,,,
Ministro do Esporte,Brasília,15/02/2016 - 20:15,Rio de Janeiro (Santos Dumont),15/02/2016 - 22:00,Serviço,12,,,,,,,
Ministro das Cidades (1),Brasília,15/02/2016 - 18:40,São Paulo (Congonhas),15/02/2016 - 20:10,Serviço,2,,,,,,,
Advogado Geral da União,Brasília,15/02/2016 - 08:30,Rio de Janeiro (Santos Dumont),15/02/2016 - 10:35,Serviço,5,,,,,,,
Advogado Geral da União (2),Rio de Janeiro (Santos Dumont),15/02/2016 - 16:10,Brasília,15/02/2016 - 18:20,Serviço,5,,,,,,,
Ministro-chefe da Secretaria de Comunicação Social da PR (1),Brasília,15/02/2016 - 18:40,São Paulo (Congonhas),15/02/2016 - 20:10,Serviço,3,,,,,,,
Ministro-chefe da Secretaria de Portos da PR (2),Rio de Janeiro (Santos Dumont),15/02/2016 - 16:10,Brasília,15/02/2016 - 18:20,Serviço,12,,,,,,,
Presidente do Supremo Tribunal Federal,São Paulo (Congonhas),16/02/2016 - 10:15,Brasília,16/02/2016 - 11:40,Serviço,2,,,,,,,
"Ministro da Ciência,  Tecnologia e Inovação",Brasília,16/02/2016 - 07:40,Campinas,16/02/2016 - 09:00,Serviço,6,,,,,,,
"Ministro da Ciência,  Tecnologia e Inovação",Campinas,16/02/2016 - 17:20,Brasília,16/02/2016 - 18:35,Serviço,6,,,,,,,
Ministro das Cidades,São Paulo (Congonhas),16/02/2016 - 12:30,Brasília,16/02/2016 - 13:50,Serviço,5,,,,,,,
Ministro-chefe da Secretaria de Comunicação Social da PR,São Paulo (Congonhas),16/02/2016 - 15:15,Brasília,16/02/2016 - 16:45,Serviço,3,,,,,,,
Ministro-chefe da Secretaria de Portos da PR,Brasília,17/02/2016 - 07:25,Guarujá,17/02/2016 - 09:40,Serviço,12,,,,,,,
Ministro-chefe da Secretaria de Portos da PR,Guarujá,17/02/2016 - 15:55,Brasília,17/02/2016 - 18:05,Serviço,12,,,,,,,
Presidente da Câmara dos Deputados,Brasília,18/02/2016 - 19:45,Rio de Janeiro (Santos Dumont),18/02/2016 - 21:20,Residência,9,,,,,,,
Ministro dos Transportes (1),Brasília,18/02/2016 - 12:30,Guarulhos,18/02/2016 - 14:00,Serviço,15,,,,,,,
Ministro da Educação,Brasília,18/02/2016 - 20:55,Fortaleza,18/02/2016 - 22:15,Serviço,6,,,,,,,
Ministro da Cultura,São Paulo (Congonhas),18/02/2016 - 18:55,Juiz De Fora,18/02/2016 - 19:55,Serviço,5,,,,,,,
Ministro da Cultura,Juiz De Fora,18/02/2016 - 22:20,Brasília,19/02/2016 - 00:05,Serviço,5,,,,,,,
Ministro do Trabalho e Previdência Social (1),Brasília,18/02/2016 - 12:30,Guarulhos,18/02/2016 - 14:00,Serviço,10,,,,,,,
Ministro do Trabalho e Previdência Social,Guarulhos,18/02/2016 - 15:05,Caxias Do Sul,18/02/2016 - 16:20,Serviço,10,,,,,,,
Ministra do Desenvolvimento Social e Combate à Fome,Brasília,18/02/2016 - 23:15,Campo Grande,18/02/2016 - 23:40,Serviço,8,,,,,,,
"Ministro do Desenvolvimento, Indústria e Comércio Exterior",Brasília,17/02/2016 - 18:05,Buenos Aires,17/02/2016 - 20:25,Serviço,10,,,,,,,
"Ministro do Desenvolvimento, Indústria e Comércio Exterior",Buenos Aires,18/02/2016 - 17:15,Brasília,18/02/2016 - 21:25,Serviço,10,,,,,,,
"Ministro da Ciência,  Tecnologia e Inovação",Brasília,18/02/2016 - 13:50,Rio de Janeiro (Galeão),18/02/2016 - 15:20,Serviço,6,,,,,,,
Ministro do Desenvolvimento Agrário,Brasília,18/02/2016 - 10:55,Porto Velho,18/02/2016 - 11:35,Serviço,11,,,,,,,
Ministro do Desenvolvimento Agrário,Porto Velho,18/02/2016 - 19:40,Belo Horizonte (Pampulha),19/02/2016 - 01:15,Serviço,6,,,,,,,
Ministro das Cidades,Brasília,18/02/2016 - 12:00,Rio de Janeiro (Galeão),18/02/2016 - 13:30,Serviço,5,,,,,,,
Ministro das Cidades,Rio de Janeiro (Galeão),18/02/2016 - 18:00,São Paulo (Congonhas),18/02/2016 - 19:00,Serviço,5,,,,,,,
"Ministério das Mulheres, Igualdade Racial e Direitos Humanos",Brasília,18/02/2016 - 21:05,São Luís,18/02/2016 - 22:10,Serviço,4,,,,,,,
Presidente do Supremo Tribunal Federal,Brasília,19/02/2016 - 15:30,Guarulhos,19/02/2016 - 17:55,Serviço,2,,,,,,,
Ministro da Justiça,Brasília,19/02/2016 - 08:10,Rio de Janeiro (Galeão),19/02/2016 - 09:35,Serviço,10,,,,,,,
Ministro da Justiça,Rio de Janeiro (Galeão),19/02/2016 - 14:00,Fortaleza,19/02/2016 - 15:50,Serviço,6,,,,,,,
Ministro dos Transportes,Guaratinguetá,19/02/2016 - 19:45,Brasília,19/02/2016 - 21:15,Serviço,15,,,,,,,
"Ministro da Agricultura, Pecuária e Abastecimento (1)",Brasília,19/02/2016 - 07:20,Goiânia,19/02/2016 - 07:50,Serviço,6,,,,,,,
Ministro da Educação,Fortaleza,19/02/2016 - 12:50,Brasília,19/02/2016 - 16:20,Serviço,6,,,,,,,
Ministro da Cultura,Brasília,19/02/2016 - 08:40,Aracaju,19/02/2016 - 09:35,Serviço,8,,,,,,,
Ministro da Cultura,Aracaju,19/02/2016 - 14:55,Brasília,19/02/2016 - 18:00,Serviço,8,,,,,,,
Ministra do Desenvolvimento Social e Combate à Fome,Campo Grande,19/02/2016 - 16:15,Brasília,19/02/2016 - 18:40,Serviço,8,,,,,,,
Ministro das Minas e Energia,Brasília,19/02/2016 - 07:10,Belém,19/02/2016 - 08:30,Serviço,6,,,,,,,
Ministro das Minas e Energia,Belém,19/02/2016 - 10:30,Manaus (Eduardo Gomes),19/02/2016 - 11:25,Serviço,6,,,,,,,
"Ministro da Ciência,  Tecnologia e Inovação",Rio de Janeiro (Galeão),19/02/2016 - 08:10,Teresina,19/02/2016 - 09:50,Serviço,6,,,,,,,
"Ministro da Ciência,  Tecnologia e Inovação",Teresina,19/02/2016 - 16:40,Rio de Janeiro (Galeão),19/02/2016 - 20:45,Serviço,6,,,,,,,
Ministro do Esporte,Curitiba,19/02/2016 - 12:20,Rio de Janeiro (Santos Dumont),19/02/2016 - 13:55,Serviço,12,,,,,,,
Ministro das Cidades,São Paulo (Congonhas),19/02/2016 - 07:05,Vitória,19/02/2016 - 08:20,Serviço,7,,,,,,,
Ministro das Cidades,Vitória,19/02/2016 - 16:45,São Paulo (Congonhas),19/02/2016 - 18:05,Serviço,7,,,,,,,
"Ministério das Mulheres, Igualdade Racial e Direitos Humanos",São Luís,19/02/2016 - 20:00,Brasília,19/02/2016 - 23:10,Serviço,4,,,,,,,
Ministro-chefe da Secretaria de Comunicação Social da PR,Brasília,19/02/2016 - 06:55,São José dos Campos,19/02/2016 - 08:45,Serviço,8,,,,,,,
Ministro-chefe da Secretaria de Comunicação Social da PR,São José dos Campos,19/02/2016 - 13:25,Guarulhos,19/02/2016 - 13:45,Serviço,8,,,,,,,
Ministro-chefe da Secretaria de Portos da PR (1),Brasília,19/02/2016 - 07:20,Goiânia,19/02/2016 - 07:50,Serviço,11,,,,,,,
Ministro-chefe da Secretaria de Portos da PR,Goiânia,19/02/2016 - 08:30,Palmas,19/02/2016 - 08:35,Serviço,5,,,,,,,
Ministro-chefe da Secretaria de Portos da PR,Gurupi,19/02/2016 - 12:25,Carajás,19/02/2016 - 13:30,Serviço,5,,,,,,,
Ministro-chefe da Secretaria de Portos da PR,Carajás,19/02/2016 - 17:25,Brasília,19/02/2016 - 20:15,Serviço,5,,,,,,,
Ministro-chefe da Secretaria de Aviação Civil da PR ,Interino,Brasília,19/02/2016 - 06:25,Boa Vista,19/02/2016 - 07:35,Serviço,4,,,,,,
Ministro-chefe da Secretaria de Aviação Civil da PR ,Interino,Boa Vista,19/02/2016 - 20:30,Brasília,20/02/2016 - 02:05,Serviço,4,,,,,,
Ministro da Justiça,Fortaleza,20/02/2016 - 10:30,Brasília,20/02/2016 - 14:00,Serviço,4,,,,,,,
Ministro das Relações Exteriores,Brasília,21/02/2016 - 20:40,Guarulhos,21/02/2016 - 22:05,Serviço,3,,,,,,,
Ministro do Esporte,Rio de Janeiro (Galeão),21/02/2016 - 14:50,Brasília,21/02/2016 - 16:20,Serviço,12,,,,,,,
Ministro das Cidades,São Paulo (Congonhas),21/02/2016 - 16:40,Ribeirão Preto,21/02/2016 - 17:25,Serviço,5,,,,,,,
Ministro das Cidades,Ribeirão Preto,21/02/2016 - 21:45,Brasília,21/02/2016 - 22:55,Serviço,5,,,,,,,
Presidente da Câmara dos Deputados,Rio de Janeiro (Santos Dumont),22/02/2016 - 09:45,Brasília,22/02/2016 - 11:20,Serviço,9,,,,,,,
Presidente do Supremo Tribunal Federal,São Paulo (Congonhas),22/02/2016 - 09:40,Vitória,22/02/2016 - 11:00,Serviço,2,,,,,,,
Ministro da Defesa (1),São Paulo (Congonhas),22/02/2016 - 20:00,Brasília,22/02/2016 - 21:30,Serviço,12,,,,,,,
Ministro do Trabalho e Previdência Social,Porto Alegre,21/02/2016 - 18:40,Rio Grande,21/02/2016 - 19:10,Serviço,8,,,,,,,
Ministro do Trabalho e Previdência Social,Rio Grande,22/02/2016 - 10:15,Pelotas,22/02/2016 - 10:30,Serviço,8,,,,,,,
Ministro do Trabalho e Previdência Social,Pelotas,22/02/2016 - 15:20,Porto Alegre,22/02/2016 - 15:50,Serviço,8,,,,,,,
Ministro-chefe da Secretaria de Comunicação Social da PR (1),São Paulo (Congonhas),22/02/2016 - 20:00,Brasília,22/02/2016 - 21:30,Serviço,4,,,,,,,
Presidente do Supremo Tribunal Federal,Vitória,23/02/2016 - 10:10,Brasília,23/02/2016 - 11:40,Serviço,2,,,,,,,
Ministro das Cidades,São Paulo (Congonhas),23/02/2016 - 15:50,Brasília,23/02/2016 - 17:20,Serviço,5,,,,,,,
Ministro da Justiça,Brasília,23/02/2016 - 18:45,Florianópolis,23/02/2016 - 20:40,Serviço,3,,,,,,,
Ministro da Justiça,Florianópolis,24/02/2016 - 11:30,Brasília,24/02/2016 - 13:20,Serviço,3,,,,,,,
Ministro das Relações Exteriores(1),Guarulhos,24/02/2016 - 12:55,Brasília,24/02/2016 - 14:20,Serviço,3,,,,,,,
Ministro da Saúde,Brasília,23/02/2016 - 20:20,Recife,23/02/2016 - 22:40,Serviço,14,,,,,,,
Ministro da Saúde,Recife,24/02/2016 - 12:50,Rio de Janeiro (Galeão),24/02/2016 - 15:30,Serviço,14,,,,,,,
Ministro da Saúde,Rio de Janeiro (Galeão),24/02/2016 - 20:30,Brasília,24/02/2016 - 22:00,Serviço,14,,,,,,,
"Ministro do Desenvolvimento, Indústria e Comércio Exterior(1)",Guarulhos,24/02/2016 - 12:55,Brasília,24/02/2016 - 14:20,Serviço,7,,,,,,,
Presidente do Banco Central do Brasil,Brasília,24/02/2016 - 13:05,Guarulhos,24/02/2016 - 14:35,Serviço,4,,,,,,,
Presidente da Câmara dos Deputados,Brasília,25/02/2016 - 19:35,Rio de Janeiro (Santos Dumont),25/02/2016 - 21:00,Residência,9,,,,,,,
Ministro da Defesa,Brasília,25/02/2016 - 18:15,Rio de Janeiro (Santos Dumont),25/02/2016 - 19:40,Serviço,14,,,,,,,
"Ministro da Agricultura, Pecuária e Abastecimento",Brasília,24/02/2016 - 20:45,Palmas,24/02/2016 - 21:50,Serviço,9,,,,,,,
"Ministro da Agricultura, Pecuária e Abastecimento",Palmas,25/02/2016 - 16:20,Brasília,25/02/2016 - 17:25,Serviço,6,,,,,,,
Ministro da Educação,Brasília,25/02/2016 - 12:30,São Paulo (Congonhas),25/02/2016 - 14:00,Serviço,6,,,,,,,
Presidente do Congresso Nacional,São Paulo (Congonhas),26/02/2016 - 15:30,Maceió,26/02/2016 - 18:10,Residência,4,,,,,,,
Presidente do Supremo Tribunal Federal,Brasília,26/02/2016 - 15:50,Salvador,26/02/2016 - 17:25,Serviço,2,,,,,,,
Ministro-chefe da Casa Civil da Presidência da República,Brasília,25/02/2016 - 17:30,Foz Do Iguaçu,25/02/2016 - 19:25,Serviço,5,,,,,,,
Ministro-chefe da Casa Civil da Presidência da República,Foz Do Iguaçu,26/02/2016 - 13:25,Rio de Janeiro (Santos Dumont),26/02/2016 - 15:10,Serviço,5,,,,,,,
Ministro da Educação,São Paulo (Congonhas),26/02/2016 - 08:10,Vitória,26/02/2016 - 09:20,Serviço,6,,,,,,,
Ministro da Educação,Vitória,26/02/2016 - 17:25,São Paulo (Congonhas),26/02/2016 - 18:50,Serviço,6,,,,,,,
Ministro da Saúde,Brasília,26/02/2016 - 08:55,São Paulo (Congonhas),26/02/2016 - 10:20,Serviço,9,,,,,,,
Ministro do Esporte,Brasília,26/02/2016 - 07:45,Rio de Janeiro (Galeão),26/02/2016 - 09:05,Serviço,12,,,,,,,
Ministro-chefe da Secretaria de Comunicação Social da PR,Brasília,25/02/2016 - 19:30,São Paulo (Congonhas),25/02/2016 - 20:55,Serviço,4,,,,,,,
Ministro-chefe da Secretaria de Comunicação Social da PR,São Paulo (Congonhas),26/02/2016 - 08:40,Rio de Janeiro (Santos Dumont),26/02/2016 - 09:30,Serviço,4,,,,,,,
Comandante do Exército,Brasília,26/02/2016 - 13:05,Rio de Janeiro (Santos Dumont),26/02/2016 - 14:35,Serviço,10,,,,,,,
Presidente do Supremo Tribunal Federal,Salvador,27/02/2016 - 11:20,São Paulo (Congonhas),27/02/2016 - 13:45,Serviço,2,,,,,,,
Ministro da Saúde,Guarulhos,27/02/2016 - 00:25,Brasília,27/02/2016 - 01:50,Serviço,9,,,,,,,
Ministro do Esporte,Rio de Janeiro (Galeão),27/02/2016 - 20:15,Brasília,27/02/2016 - 21:40,Serviço,12,,,,,,,
Presidente da Câmara dos Deputados,Rio de Janeiro (Santos Dumont),28/02/2016 - 18:50,Brasília,28/02/2016 - 20:15,Serviço,9,,,,,,,
Presidente do Congresso Nacional,Maceió,29/02/2016 - 20:30,Brasília,29/02/2016 - 22:35,Serviço,4,,,,,,,
Ministra do Desenvolvimento Social e Combate à Fome,Brasília,29/02/2016 - 07:40,São Paulo (Congonhas),29/02/2016 - 09:05,Serviço,5,,,,,,,
Ministra do Desenvolvimento Social e Combate à Fome,São Paulo (Congonhas),29/02/2016 - 18:00,Brasília,29/02/2016 - 19:30,Serviço,5,,,,,,,
Ministra do Meio Ambiente,Rio de Janeiro (Santos Dumont),29/02/2016 - 07:45,Belo Horizonte (Confins),29/02/2016 - 08:35,Serviço,1,,,,,,,
Ministra do Meio Ambiente,Belo Horizonte (Confins),29/02/2016 - 13:20,Brasília,29/02/2016 - 14:20,Serviço,1,,,,,,,
Advogado Geral da União,Brasília,29/02/2016 - 07:25,Belo Horizonte (Confins),29/02/2016 - 08:45,Serviço,5,,,,,,,
Advogado Geral da União,Belo Horizonte (Confins),29/02/2016 - 15:30,Brasília,29/02/2016 - 16:50,Serviço,5,,,,,,,
Presidente do Banco Central do Brasil,Guarulhos,29/02/2016 - 19:20,Brasília,29/02/2016 - 20:40,Serviço,4,,,,,,,
Comandante do Exército,Rio de Janeiro (Galeão),29/02/2016 - 22:00,Brasília,29/02/2016 - 23:25,Serviço,10,,,,,,,
Presidente do Supremo Tribunal Federal,São Paulo (Congonhas),01/03/2016 - 10:45,Brasília,01/03/2016 - 12:15,Serviço,2,,,,,,,
Ministro da Defesa,Brasília,28/02/2016 - 08:05,Buenos Aires (Argentina),28/02/2016 - 11:25,Serviço,12,,,,,,,
Ministro da Defesa,Buenos Aires (Argentina),28/02/2016 - 12:35,Punta Arenas (Chile),28/02/2016 - 16:15,Serviço,12,,,,,,,
Ministro da Defesa,Punta Arenas (Chile),01/03/2016 - 10:00,Buenos Aires (Argentina),01/03/2016 - 13:00,Serviço,12,,,,,,,
Ministro da Defesa,Buenos Aires (Argentina),01/03/2016 - 14:00,Brasília,01/03/2016 - 17:15,Serviço,12,,,,,,,
"Ministro da Agricultura, Pecuária e Abastecimento",Palmas,01/03/2016 - 17:40,Brasília,01/03/2016 - 18:50,Serviço,24,,,,,,,
Ministro da Educação,Brasília,01/03/2016 - 08:25,Rio de Janeiro (Santos Dumont),01/03/2016 - 09:50,Serviço,6,,,,,,,
Ministro da Educação,Rio de Janeiro (Santos Dumont),01/03/2016 - 16:50,Brasília,01/03/2016 - 18:20,Serviço,6,,,,,,,
Ministro das Comunicações,Brasília,01/03/2016 - 10:25,Rio Verde,01/03/2016 - 11:25,Serviço,20,,,,,,,
Ministro das Comunicações,Rio Verde,01/03/2016 - 14:40,Brasília,01/03/2016 - 15:40,Serviço,20,,,,,,,
Ministro das Relações Exteriores,Brasília,01/03/2016 - 07:15,Zandery (Suriname),01/03/2016 - 10:40,Serviço,7,,,,,,,
Ministro das Relações Exteriores,Zandery (Suriname),02/03/2016 - 09:15,Georgetown (Guiana),02/03/2016 - 09:00,Serviço,7,,,,,,,
Ministro das Relações Exteriores,Georgetown (Guiana),02/03/2016 - 17:00,Brasília,02/03/2016 - 21:50,Serviço,7,,,,,,,
Ministro das Cidades,São Paulo (Congonhas),02/03/2016 - 14:00,Brasília,02/03/2016 - 15:30,Serviço,6,,,,,,,
Presidente do Congresso Nacional,Brasília,03/03/2016 - 16:50,Maceió,03/03/2016 - 18:55,Residência,5,,,,,,,
Presidente da Câmara dos Deputados,Brasília,03/03/2016 - 20:00,Rio de Janeiro (Santos Dumont),03/03/2016 - 21:25,Residência,9,,,,,,,
Ministro da Defesa,Brasília,03/03/2016 - 16:55,São Paulo (Congonhas),03/03/2016 - 18:25,Serviço,12,,,,,,,
Ministro da Defesa,São Paulo (Congonhas),03/03/2016 - 21:35,Rio de Janeiro (Santos Dumont),03/03/2016 - 22:20,Serviço,12,,,,,,,
Ministro da Educação,Brasília,03/03/2016 - 18:50,São Paulo (Congonhas),03/03/2016 - 20:40,Serviço,6,,,,,,,
"Ministro do Desenvolvimento, Indústria e Comércio Exterior",Brasília,03/03/2016 - 08:10,Macapá,03/03/2016 - 10:40,Serviço,10,,,,,,,
"Ministro do Desenvolvimento, Indústria e Comércio Exterior",Macapá,03/03/2016 - 13:45,Petrolina,03/03/2016 - 16:05,Serviço,10,,,,,,,
"Ministro do Desenvolvimento, Indústria e Comércio Exterior",Petrolina,03/03/2016 - 21:25,Recife,03/03/2016 - 22:30,Serviço,10,,,,,,,
Ministro das Minas e Energia,Brasília,03/03/2016 - 16:25,Manaus (Eduardo Gomes),03/03/2016 - 18:10,Serviço,7,,,,,,,
Ministro-chefe da Secretaria de Portos da PR,Brasília,03/03/2016 - 07:10,Belém,03/03/2016 - 09:25,Serviço,20,,,,,,,
Ministro dos Transportes,Brasília,04/03/2016 - 08:30,Salvador,04/03/2016 - 10:05,Serviço,12,,,,,,,
Ministro dos Transportes,Salvador,04/03/2016 - 17:25,Brasília,04/03/2016 - 19:05,Serviço,10,,,,,,,
Ministro da Saúde,Brasília,04/03/2016 - 08:50,São Paulo (Congonhas),04/03/2016 - 10:15,Serviço,9,,,,,,,
Ministro da Saúde,São Paulo (Congonhas),04/03/2016 - 14:35,Barretos,04/03/2016 - 15:45,Serviço,9,,,,,,,
Ministro da Saúde,Barretos,04/03/2016 - 18:20,Brasília,04/03/2016 - 19:25,Serviço,9,,,,,,,
"Ministro da Ciência,  Tecnologia e Inovação",Brasília,04/03/2016 - 07:50,São Paulo (Congonhas),04/03/2016 - 09:30,Serviço,6,,,,,,,
"Ministro da Ciência,  Tecnologia e Inovação",São Paulo (Congonhas),04/03/2016 - 14:00,Rio de Janeiro (Galeão),04/03/2016 - 14:45,Serviço,6,,,,,,,
Ministro do Esporte,Brasília,04/03/2016 - 07:50,Rio de Janeiro (Galeão),04/03/2016 - 09:10,Serviço,12,,,,,,,
Presidente do Supremo Tribunal Federal,Brasília,05/03/2016 - 11:50,São Paulo (Congonhas),05/03/2016 - 13:35,Serviço,2,,,,,,,
Ministro da Educação,São Paulo (Congonhas),06/03/2016 - 17:30,São Luís,06/03/2016 - 20:45,Serviço,6,,,,,,,
Presidente do Congresso Nacional,Maceió,07/03/2016 - 19:10,Brasília,07/03/2016 - 21:30,Serviço,5,,,,,,,
Presidente da Câmara dos Deputados,Rio de Janeiro (Santos Dumont),07/03/2016 - 09:00,Brasília,07/03/2016 - 10:45,Serviço,9,,,,,,,
Ministro da Defesa,Rio de Janeiro (Santos Dumont),07/03/2016 - 15:50,Brasília,07/03/2016 - 17:20,Serviço,12,,,,,,,
Ministro dos Transportes,Brasília,07/03/2016 - 13:30,Curitiba,07/03/2016 - 15:05,Serviço,7,,,,,,,
Ministro da Educação,São Paulo (Congonhas),06/03/2016 - 17:30,São Luís,06/03/2016 - 20:45,Serviço,6,,,,,,,
Ministro da Educação,São Luís,07/03/2016 - 16:45,Brasília,07/03/2016 - 19:20,Serviço,6,,,,,,,
Ministra do Desenvolvimento Social e Combate à Fome,Brasília,07/03/2016 - 07:15,Campinas,07/03/2016 - 08:30,Serviço,3,,,,,,,
Ministra do Desenvolvimento Social e Combate à Fome,Campinas,07/03/2016 - 15:10,Brasília,07/03/2016 - 16:35,Serviço,4,,,,,,,
"Ministro da Ciência,  Tecnologia e Inovação",Rio de Janeiro (Santos Dumont),07/03/2016 - 19:10,Porto Alegre,07/03/2016 - 21:00,Serviço,6,,,,,,,
Ministro do Desenvolvimento Agrário,Belo Horizonte (Pampulha),07/03/2016 - 07:50,Paracatu,07/03/2016 - 08:50,Serviço,1,,,,,,,
Ministro do Desenvolvimento Agrário,Paracatu,07/03/2016 - 12:00,Belo Horizonte (Pampulha),07/03/2016 - 12:45,Serviço,1,,,,,,,
Ministro das Cidades,Teresina,07/03/2016 - 05:50,Três Lagoas,07/03/2016 - 07:45,Serviço,6,,,,,,,
Ministro das Cidades,Três Lagoas,07/03/2016 - 12:05,Rio de Janeiro (Santos Dumont),07/03/2016 - 14:30,Serviço,6,,,,,,,
Presidente do Supremo Tribunal Federal,São Paulo (Congonhas),08/03/2016 - 13:20,Brasília,08/03/2016 - 14:45,Serviço,2,,,,,,,
Ministro dos Transportes,Curitiba,08/03/2016 - 05:55,Brasília,08/03/2016 - 07:30,Serviço,6,,,,,,,
Ministro do Esporte,Rio de Janeiro (Galeão),05/03/2016 - 17:00,Guarujá,05/03/2016 - 18:05,Serviço,12,,,,,,,
Ministro do Esporte,São Paulo (Congonhas),06/03/2016 - 18:40,Porto Seguro,06/03/2016 - 21:00,Serviço,12,,,,,,,
Ministro do Esporte,Porto Seguro,06/03/2016 - 22:30,Recife,07/03/2016 - 00:05,Serviço,12,,,,,,,
Ministro do Esporte,Recife,07/03/2016 - 14:15,Natal,07/03/2016 - 15:00,Serviço,35,,,,,,,
Ministro do Esporte,Natal,07/03/2016 - 19:05,Salvador,07/03/2016 - 21:05,Serviço,35,,,,,,,
Ministro do Esporte,Salvador,07/03/2016 - 21:50,Rio de Janeiro (Galeão),08/03/2016 - 00:40,Serviço,35,,,,,,,
Ministro das Cidades,São Paulo (Congonhas),08/03/2016 - 07:35,Brasília,08/03/2016 - 09:15,Serviço,3,,,,,,,
Ministro das Cidades,Brasília,08/03/2016 - 11:30,Sorocaba,08/03/2016 - 12:55,Serviço,3,,,,,,,
Ministro das Cidades,Sorocaba,08/03/2016 - 16:30,Brasília,08/03/2016 - 18:20,Serviço,3,,,,,,,
Ministro-chefe da Secretaria de Portos da PR,Brasília,08/03/2016 - 08:30,Cuiabá,08/03/2016 - 09:00,Serviço,14,,,,,,,
Ministro-chefe da Secretaria de Portos da PR,Cuiabá,08/03/2016 - 14:05,Brasília,08/03/2016 - 17:45,Serviço,14,,,,,,,
Ministro da Saúde,Brasília,09/03/2016 - 09:50,Goiânia,09/03/2016 10:20,Serviço,9,,,,,,,
Ministro da Saúde,Goiânia,09/03/2016 - 14:10,Brasília,09/03/2016 14:35,Serviço,9,,,,,,,
Comandante da Marinha,Brasília,09/03/2016 - 15:30,Recife,09/03/2016 17:40,Serviço,6,,,,,,,
Ministro da Fazenda,Brasília,10/03/2016 - 10:50,São Paulo (Congonhas),10/03/2016 - 12:40,Serviço,8,,,,,,,
Ministro da Educação,Brasília,10/03/2016 - 08:15,Rio de Janeiro (Galeão),10/03/2016 - 09:35,Serviço,6,,,,,,,
Ministro da Educação,Rio de Janeiro (Galeão),10/03/2016 - 18:30,Brasília,10/03/2016 - 20:05,Serviço,6,,,,,,,
Ministro das Cidades,Brasília,10/03/2016 - 14:45,Ribeirão Preto,10/03/2016 - 15:55,Serviço,6,,,,,,,
Ministro das Cidades,Ribeirão Preto,10/03/2016 - 18:30,São Paulo (Congonhas),10/03/2016 - 19:40,Serviço,6,,,,,,,
Ministro-chefe da Secretaria de Portos da PR,Brasília,10/03/2016 - 07:10,São Paulo (Congonhas),10/03/2016 - 09:15,Serviço,10,,,,,,,
Ministro-chefe da Secretaria de Portos da PR,Guarujá,10/03/2016 - 18:00,Brasília,10/03/2016 - 20:15,Serviço,10,,,,,,,
Ministro da Fazenda,São Paulo (Congonhas),11/03/2016 - 19:15,Brasília,11/03/2016 - 20:45,Serviço,6,,,,,,,
"Ministro da Agricultura, Pecuária e Abastecimento",Brasília,11/03/2016 - 08:40,Rio de Janeiro (Galeão),11/03/2016 - 10:00,Serviço,10,,,,,,,
Ministro das Minas e Energia,Brasília,11/03/2016 - 09:00,Petrolina,11/03/2016 - 10:40,Serviço,3,,,,,,,
Ministro das Minas e Energia,Petrolina,11/03/2016 - 15:05,Brasília,11/03/2016 - 16:40,Serviço,3,,,,,,,
Ministro das Cidades,São Paulo (Congonhas),11/03/2016 - 14:30,Brasília,11/03/2016 - 16:00,Serviço,4,,,,,,,
Presidente do Congresso Nacional,Brasília,12/03/2016 - 16:00,Maceió,12/03/2016 - 18:05,Residência,4,,,,,,,
Presidente da Câmara dos Deputados,Brasília,12/03/2016 - 16:15,Rio de Janeiro (Santos Dumont),12/03/2016 - 17:40,Residência,9,,,,,,,
Ministro das Relações Exteriores,Brasília,06/03/2016 - 21:10,Recife,06/03/2016 - 23:25,Serviço,6,,,,,,,
Ministro das Relações Exteriores,Recife,07/03/2016 - 00:30,Ascension Island (EUA/ING),07/03/2016 - 06:35,Serviço,6,,,,,,,
Ministro das Relações Exteriores,Ascension Island (EUA/ING),07/03/2016 - 07:45,Libreville (Gabão),07/03/2016 - 12:40,Serviço,6,,,,,,,
Ministro das Relações Exteriores,Libreville (Gabão),07/03/2016 - 14:30,Addis Ababa (Etiópia),07/03/2016 - 21:35,Serviço,6,,,,,,,
Ministro das Relações Exteriores,Addis Ababa (Etiópia),09/03/2016 - 12:05,Cairo (Egito),09/03/2016 - 15:10,Serviço,6,,,,,,,
Ministro das Relações Exteriores,Cairo (Egito),09/03/2016 - 15:40,Tunis (Tunísia),09/03/2016 - 18:10,Serviço,6,,,,,,,
Ministro das Relações Exteriores,Tunis (Tunísia),09/03/2016 - 21:10,Rabat (Marrocos),09/03/2016 - 22:35,Serviço,6,,,,,,,
Ministro das Relações Exteriores,Rabat (Marrocos),10/03/2016 - 18:30,Tunis (Tunísia),10/03/2016 - 22:10,Serviço,6,,,,,,,
Ministro das Relações Exteriores,Tunis (Tunísia),11/03/2016 - 18:40,Marrakech (Marrocos),11/03/2016 - 20:15,Serviço,6,,,,,,,
Ministro das Relações Exteriores,Marrakech (Marrocos),11/03/2016 - 21:55,Praia (Cabo Verde),12/03/2016 - 00:40,Serviço,6,,,,,,,
Ministro das Relações Exteriores,Praia (Cabo Verde),12/03/2016 - 01:25,Recife,12/03/2016 - 03:25,Serviço,6,,,,,,,
Ministro das Relações Exteriores,Recife,12/03/2016 - 04:20,Brasília,12/03/2016 - 06:45,Serviço,6,,,,,,,
Comandante da Marinha,Natal,12/03/2016 - 17:15,Brasília,12/03/2016 - 19:55,Serviço,6,,,,,,,
Presidente do Congresso Nacional,Maceió,14/03/2016 - 16:20,Brasília,14/03/2016 18:35,Serviço,4,,,,,,,
Presidente da Câmara dos Deputados,Rio de Janeiro (Santos Dumont),14/03/2016 - 13:05,Brasília,14/03/2016 14:45,Serviço,9,,,,,,,
Ministro da Defesa,Brasília,14/03/2016 - 07:35,São Paulo (Congonhas),14/03/2016 08:55,Serviço,6,,,,,,,
Ministro do Esporte,Rio de Janeiro (Galeão),14/03/2016 - 14:25,Brasília,14/03/2016 15:55,Serviço,12,,,,,,,
Presidente do Supremo Tribunal Federal,Guarulhos,15/03/2016 - 07:25,Brasília,15/03/2016 08:50,Serviço,2,,,,,,,
Ministro da Defesa,São Paulo (Congonhas),15/03/2016 - 07:25,Rio de Janeiro (Galeão),15/03/2016 08:05,Serviço,8,,,,,,,
Ministro da Defesa,Rio de Janeiro (Santos Dumont),15/03/2016 - 18:35,Brasília,15/03/2016 20:10,Serviço,12,,,,,,,
Ministra do Desenvolvimento Social e Combate à Fome,Brasília,15/03/2016 - 07:15,Rio de Janeiro (Santos Dumont),15/03/2016 08:45,Serviço,8,,,,,,,
Ministra do Desenvolvimento Social e Combate à Fome,Rio de Janeiro (Santos Dumont),15/03/2016 - 11:45,Brasília,15/03/2016 13:20,Serviço,7,,,,,,,
Ministro do Esporte,Brasília,15/03/2016 - 06:15,Rio de Janeiro (Galeão),15/03/2016 08:15,Serviço,12,,,,,,,
Ministro do Esporte,Rio de Janeiro (Galeão),16/03/2016 - 23:20,Brasília,17/03/2016 00:50,Serviço,12,,,,,,,
Ministra do Meio Ambiente,Brasília,17/03/2016 - 09:15,Natal,17/03/2016 11:45,Serviço,8,,,,,,,
Ministra do Meio Ambiente,Natal,17/03/2016 - 15:40,Brasília,17/03/2016 18:15,Serviço,8,,,,,,,
Presidente do Congresso Nacional,Brasília,18/03/2016 - 10:40,Maceió,18/03/2016 - 12:40,Residência,4,,,,,,,
Presidente da Câmara dos Deputados,Brasília,18/03/2016 - 13:30,Rio de Janeiro (Santos Dumont),18/03/2016 - 15:05,Residência,9,,,,,,,
Presidente do Supremo Tribunal Federal,Brasília,17/03/2016 - 17:25,Manaus (Eduardo Gomes),17/03/2016 - 19:10,Serviço,2,,,,,,,
Presidente do Supremo Tribunal Federal,Manaus (Eduardo Gomes),18/03/2016 - 15:00,São Paulo (Congonhas),18/03/2016 - 19:45,Serviço,2,,,,,,,
Ministro das Relações Exteriores,Rio de Janeiro (Galeão),18/03/2016 - 07:35,Brasília,18/03/2016 - 09:55,Serviço,2,,,,,,,
Ministro da Fazenda,Brasília,17/03/2016 - 19:35,São Paulo (Congonhas),17/03/2016 - 21:00,Serviço,5,,,,,,,
Ministro da Fazenda,São Paulo (Congonhas),18/03/2016 - 15:00,Brasília,18/03/2016 - 16:30,Serviço,6,,,,,,,
Ministra do Desenvolvimento Social e Combate à Fome,Brasília,18/03/2016 - 06:35,Sorocaba,18/03/2016 - 08:05,Serviço,5,,,,,,,
Ministra do Desenvolvimento Social e Combate à Fome,Sorocaba,18/03/2016 - 15:40,Brasília,18/03/2016 - 17:05,Serviço,7,,,,,,,
"Ministério das Mulheres, Igualdade Racial e Direitos Humanos",Brasília,17/03/2016 - 17:30,Ilhéus,17/03/2016 - 19:25,Serviço,3,,,,,,,
"Ministério das Mulheres, Igualdade Racial e Direitos Humanos",Ilhéus,18/03/2016 - 14:55,Brasília,18/03/2016 - 17:10,Serviço,3,,,,,,,
Ministro Chefe do Gabinete Pessoal da Presidenta da República,Brasília,18/03/2016 - 18:40,Salvador,18/03/2016 - 20:20,Segurança,1,,,,,,,
Comandante da Aeronáutica,Brasília,16/03/2016 - 16:45,Montevideo (Uruguai),16/03/2016 - 20:00,Serviço,3,,,,,,,
Comandante da Aeronáutica,Montevideo (Uruguai),18/03/2016 - 10:50,Brasília,18/03/2016 - 13:55,Serviço,3,,,,,,,
Ministro das Cidades,Brasília,18/03/2016 - 08:30,Teresina,18/03/2016 - 10:25,Serviço,5,,,,,,,
Ministro das Cidades,Teresina,18/03/2016 - 13:15,Patos,18/03/2016 - 14:20,Serviço,5,,,,,,,
Ministro das Cidades,Juazeiro Do Norte,19/03/2016 - 10:40,João Pessoa,19/03/2016 - 11:30,Serviço,5,,,,,,,
Ministro das Cidades,João Pessoa,19/03/2016 - 15:05,São Paulo (Congonhas),19/03/2016 - 18:20,Serviço,5,,,,,,,
Ministro Chefe do Gabinete Pessoal da Presidenta da República,Salvador,20/03/2016 - 09:05,Brasília,20/03/2016 - 10:40,Segurança,1,,,,,,,
Presidente do Congresso Nacional,Maceió,21/03/2016 - 16:40,Brasília,21/03/2016 - 19:10,Serviço,4,,,,,,,
Presidente da Câmara dos Deputados,Rio de Janeiro (Santos Dumont),21/03/2016 - 08:55,Brasília,21/03/2016 - 10:30,Serviço,9,,,,,,,
Ministro das Cidades,Brasília,21/03/2016 - 14:20,São Paulo (Congonhas),21/03/2016 - 15:50,Serviço,3,,,,,,,
Ministro das Cidades,São Paulo (Congonhas),22/03/2016 - 07:05,Brasília,22/03/2016 - 08:30,Serviço,3,,,,,,,
Presidente do Congresso Nacional,Brasília,23/03/2016 - 18:25,Maceió,23/03/2016 - 20:25,Residência,7,,,,,,,
Ministro do Trabalho e Previdência Social,Brasília,23/03/2016 - 08:30,Campinas,23/03/2016 - 09:50,Serviço,6,,,,,,,
Ministro do Trabalho e Previdência Social,Campinas,23/03/2016 - 15:00,Brasília,23/03/2016 - 16:25,Serviço,6,,,,,,,
Ministro das Minas e Energia,Brasília,23/03/2016 - 19:25,Manaus (Eduardo Gomes),23/03/2016 - 21:10,Serviço,4,,,,,,,
Ministro das Cidades,Brasília,23/03/2016 - 12:30,Barretos,23/03/2016 - 13:45,Serviço,5,,,,,,,
Ministro das Cidades,Barretos,23/03/2016 - 15:50,São Paulo (Congonhas),23/03/2016 - 16:50,Serviço,6,,,,,,,
Advocacia-Geral da União,Brasília,22/03/2016 - 15:10,São Paulo (Congonhas),22/03/2016 - 16:45,Serviço,5,,,,,,,
Advocacia-Geral da União,São Paulo (Congonhas),23/03/2016 - 08:15,Brasília,23/03/2016 - 09:40,Serviço,5,,,,,,,
Ministro-chefe da Secretaria de Comunicação Social da PR,Brasília,23/03/2016 - 08:10,São Paulo (Congonhas),23/03/2016 - 09:35,Serviço,4,,,,,,,
Ministro-chefe da Secretaria de Comunicação Social da PR,São Paulo (Congonhas),23/03/2016 - 18:50,Brasília,23/03/2016 - 20:20,Serviço,4,,,,,,,
Ministro Chefe do Gabinete Pessoal da Presidenta da República,Brasília,23/03/2016 - 08:30,Rio de Janeiro (Santos Dumont),23/03/2016 - 09:55,Serviço,4,,,,,,,
Ministro Chefe do Gabinete Pessoal da Presidenta da República,Rio de Janeiro (Santos Dumont),23/03/2016 - 14:25,Brasília,23/03/2016 - 16:00,Serviço,4,,,,,,,
Presidente da Câmara dos Deputados,Brasília,24/03/2016 - 16:30,Rio de Janeiro (Santos Dumont),24/03/2016 - 18:00,Residência,9,,,,,,,
Ministro do Trabalho e Previdência Social,Brasília,24/03/2016 - 14:25,Rio de Janeiro (Santos Dumont),24/03/2016 - 15:50,Serviço,6,,,,,,,
Ministro da Saúde,Brasília,24/03/2016 - 06:55,Rio de Janeiro (Galeão),24/03/2016 - 08:20,Serviço,11,,,,,,,
Ministro da Saúde,Rio de Janeiro (Santos Dumont),24/03/2016 - 17:55,Brasília,24/03/2016 - 19:30,Serviço,11,,,,,,,
Ministro-chefe da Secretaria de Comunicação Social da PR,Brasília,24/03/2016 - 19:50,São Paulo (Congonhas),24/03/2016 - 21:15,Serviço,4,,,,,,,
Ministro Chefe do Gabinete Pessoal da Presidenta da República,Brasília,24/03/2016 - 15:30,Salvador,24/03/2016 - 17:00,Segurança,4,,,,,,,
Presidente do Banco Central do Brasil,Brasília,26/03/2016 - 17:45,Guarulhos,26/03/2016 - 19:10,Serviço,3,,,,,,,
Presidente do Congresso Nacional,Maceió,27/03/2016 - 19:40,Brasília,27/03/2016 - 21:55,Serviço,7,,,,,,,
Ministro da Defesa,Maceió,27/03/2016 - 15:25,Brasília,27/03/2016 - 17:40,Serviço,6,,,,,,,
Ministro Chefe do Gabinete Pessoal da Presidenta da República,Salvador,27/03/2016 - 15:10,Brasília,27/03/2016 - 17:00,Segurança,2,,,,,,,
Presidente da Câmara dos Deputados,Rio de Janeiro (Santos Dumont),28/03/2016 - 09:15,Brasília,28/03/2016 - 10:50,Serviço,9,,,,,,,
Presidente do Supremo Tribunal Federal,São Paulo (Congonhas),28/03/2016 - 14:20,Brasília,28/03/2016 - 15:45,Serviço,2,,,,,,,
Ministro da Justiça,Brasília,28/03/2016 - 13:20,Rio de Janeiro (Santos Dumont),28/03/2016 - 14:50,Serviço,7,,,,,,,
Ministro da Justiça,Rio de Janeiro (Santos Dumont),28/03/2016 - 19:50,Brasília,28/03/2016 - 21:25,Serviço,7,,,,,,,
Ministro do Trabalho e Previdência Social,Rio de Janeiro (Santos Dumont),28/03/2016 - 13:55,Brasília,28/03/2016 - 15:30,Serviço,3,,,,,,,
Ministro-chefe da Secretaria de Comunicação Social da PR,São Paulo (Congonhas),28/03/2016 - 14:50,Brasília,28/03/2016 - 16:20,Serviço,4,,,,,,,
Ministro das Relações Exteriores,Brasília,29/03/2016 - 17:40,Guarulhos,29/03/2016 - 19:20,Serviço,3,,,,,,,
Ministro dos Transportes,Brasília,29/03/2016 - 08:30,Palmas,29/03/2016 - 09:25,Serviço,13,,,,,,,
Ministro dos Transportes,Palmas,29/03/2016 - 12:30,Brasília,29/03/2016 - 13:25,Serviço,14,,,,,,,
"Ministro da Ciência,  Tecnologia e Inovação",Brasília,29/03/2016 - 15:20,Salvador,29/03/2016 - 16:50,Serviço,6,,,,,,,
"Ministro da Ciência,  Tecnologia e Inovação",Salvador,29/03/2016 - 19:05,Brasília,29/03/2016 - 20:50,Serviço,6,,,,,,,
Ministra do Desenvolvimento Social e Combate à Fome,Brasília,30/03/2016 - 13:05,Canoas,30/03/2016 - 15:25,Serviço,5,,,,,,,
Ministra do Desenvolvimento Social e Combate à Fome,Canoas,30/03/2016 - 17:35,Brasília,30/03/2016 - 19:55,Serviço,5,,,,,,,
Presidente do Congresso Nacional,Brasília,31/03/2016 - 20:45,Maceió,31/03/2016 - 22:45,Residência,7,,,,,,,
"Ministro da Agricultura, Pecuária e Abastecimento",Brasília,31/03/2016 - 09:40,Goiânia,31/03/2016 - 10:15,Serviço,7,,,,,,,
"Ministro da Agricultura, Pecuária e Abastecimento",Goiânia,31/03/2016 - 12:20,Brasília,31/03/2016 - 12:45,Serviço,7,,,,,,,
Ministro da Cultura,Brasília,31/03/2016 - 17:00,Aracaju,31/03/2016 - 18:50,Serviço,8,,,,,,,
Ministro da Cultura,Aracaju,31/03/2016 - 22:00,Brasília,01/04/2016 - 00:00,Serviço,8,,,,,,,
Ministro-chefe da Secretaria de Comunicação Social da PR,Brasília,30/03/2016 - 10:30,São Paulo (Congonhas),30/03/2016 - 12:00,Serviço,4,,,,,,,
Ministro-chefe da Secretaria de Comunicação Social da PR,São Paulo (Congonhas),31/03/2016 - 09:00,Brasília,31/03/2016 - 10:25,Serviço,4,,,,,,,
Comandante da Aeronáutica,Brasília,28/03/2016 - 11:35,Santiago,28/03/2016 - 16:10,Serviço,10,,,,,,,
Comandante da Aeronáutica,Santiago,31/03/2016 - 08:45,Brasília,31/03/2016 - 12:40,Serviço,10,,,,,,,
Presidente da Câmara dos Deputados,Brasília,01/04/2016 - 11:10,Rio de Janeiro (Santos Dumont),01/04/2016 - 12:40,Residência,9,,,,,,,
Ministro da Defesa,Brasília,01/04/2016 - 17:45,Assunção (Paraguai),01/04/2016 - 18:50,Serviço,8,,,,,,,
Ministro dos Transportes,Brasília,31/03/2016 - 11:45,Teresina,31/03/2016 - 13:40,Serviço,16,,,,,,,
Ministro dos Transportes,Teresina,31/03/2016 - 15:50,Caravelas,31/03/2016 - 17:50,Serviço,16,,,,,,,
Ministro dos Transportes,Caravelas,01/04/2016 - 12:55,Brasília,01/04/2016 - 14:30,Serviço,16,,,,,,,
Ministro do Trabalho e Previdência Social,Brasília,31/03/2016 - 12:05,Porto Alegre,31/03/2016 - 14:30,Serviço,8,,,,,,,
Ministro do Trabalho e Previdência Social,Porto Alegre,01/04/2016 - 11:25,Brasília,01/04/2016 - 13:35,Serviço,8,,,,,,,
"Ministro do Desenvolvimento, Indústria e Comércio Exterior",Guarulhos,01/04/2016 - 20:45,Brasília,01/04/2016 - 22:05,Serviço,7,,,,,,,
"Ministro da Ciência,  Tecnologia e Inovação",Brasília,01/04/2016 - 14:35,Rio de Janeiro (Santos Dumont),01/04/2016 - 16:00,Serviço,6,,,,,,,
Presidente do Banco Central do Brasil,Guarulhos,01/04/2016 - 17:15,Brasília,01/04/2016 - 18:45,Serviço,3,,,,,,,
Ministro-chefe da Secretaria de Comunicação Social da PR,Brasília,01/04/2016 - 11:55,São Paulo (Congonhas),01/04/2016 - 13:15,Serviço,5,,,,,,,
Comandante da Marinha,Brasília,01/04/2016 - 19:00,Rio de Janeiro (Santos Dumont),01/04/2016 - 20:25,Serviço,10,,,,,,,
Presidente do Supremo Tribunal Federal,Brasília,02/04/2016 - 11:15,São Paulo (Congonhas),02/04/2016 - 12:35,Serviço,2,,,,,,,
Ministro das Relações Exteriores,Guarulhos,02/04/2016 - 09:55,Brasília,02/04/2016 - 11:10,Serviço,3,,,,,,,
Ministro das Relações Exteriores,Brasília,03/04/2016 - 19:10,Assunção (Paraguai),03/04/2016 - 20:10,Serviço,10,,,,,,,
Presidente do Congresso Nacional,Maceió,04/04/2016 - 15:20,Brasília,04/04/2016 - 17:35,Serviço,7,,,,,,,
Presidente da Câmara dos Deputados,Rio de Janeiro (Santos Dumont),04/04/2016 - 08:55,Brasília,04/04/2016 - 10:30,Serviço,9,,,,,,,
Presidente do Supremo Tribunal Federal,São Paulo (Congonhas),04/04/2016 - 10:00,Brasília,04/04/2016 - 11:20,Serviço,2,,,,,,,
Ministro da Defesa,Assunção (Paraguai),04/04/2016 - 17:40,Brasília,04/04/2016 - 20:45,Serviço,16,,,,,,,
Ministro-chefe da Secretaria de Comunicação Social da PR,Araraquara,04/04/2016 - 08:40,São Paulo (Congonhas),04/04/2016 - 09:15,Serviço,4,,,,,,,
Ministro-chefe da Secretaria de Comunicação Social da PR,São Paulo (Congonhas),04/04/2016 - 12:50,Rio de Janeiro (Santos Dumont),04/04/2016 - 13:35,Serviço,4,,,,,,,
Ministro-chefe da Secretaria de Comunicação Social da PR,Rio de Janeiro (Santos Dumont),04/04/2016 - 19:10,Brasília,04/04/2016 - 20:40,Serviço,4,,,,,,,
"Ministro do Desenvolvimento, Indústria e Comércio Exterior",Brasília,05/04/2016 - 09:20,Porto Alegre,05/04/2016 - 11:35,Serviço,8,,,,,,,
"Ministro do Desenvolvimento, Indústria e Comércio Exterior",Porto Alegre,05/04/2016 - 15:00,Brasília,05/04/2016 - 17:25,Serviço,8,,,,,,,
Ministro do Esporte ,Interino,Brasília,05/04/2016 - 11:40,Rio de Janeiro (Santos Dumont),05/04/2016 - 13:05,Serviço,12,,,,,,
Ministro do Esporte ,Interino,Rio de Janeiro (Santos Dumont),05/04/2016 - 18:20,Brasília,05/04/2016 - 20:00,Serviço,12,,,,,,
Ministro-chefe da Secretaria de Portos da PR,Brasília,05/04/2016 - 09:05,São Paulo (Congonhas),05/04/2016 - 11:15,Serviço,10,,,,,,,
Ministro-chefe da Secretaria de Portos da PR,Guarujá,05/04/2016 - 18:15,Brasília,05/04/2016 - 20:35,Serviço,10,,,,,,,
Ministro da Defesa,Brasília,05/04/2016 - 16:10,Salvador,05/04/2016 - 17:45,Serviço,35,,,,,,,
Ministro da Defesa,Salvador,06/04/2016 - 13:55,Brasília,06/04/2016 - 15:40,Serviço,35,,,,,,,
Ministro do Esporte ,Interino,Brasília,06/04/2016 - 21:00,Rio de Janeiro (Santos Dumont),06/04/2016 - 22:25,Serviço,12,,,,,,
Ministro-chefe da Secretaria de Comunicação Social da PR,São Paulo (Congonhas),06/04/2016 - 10:30,Brasília,06/04/2016 - 11:55,Serviço,4,,,,,,,
Comandante da Marinha,Brasília,05/04/2016 - 15:25,Salvador,05/04/2016 - 17:05,Serviço,9,,,,,,,
Comandante da Marinha,Salvador,06/04/2016 - 16:05,Brasília,06/04/2016 - 17:55,Serviço,9,,,,,,,
Presidente do Congresso Nacional,Brasília,07/04/2016 - 18:10,Maceió,07/04/2016 - 20:15,Residência,7,,,,,,,
Ministro da Fazenda,Brasília,06/04/2016 - 20:05,São Paulo (Congonhas),06/04/2016 - 21:30,Serviço,6,,,,,,,
Ministro da Fazenda,São Paulo (Congonhas),07/04/2016 - 14:20,Brasília,07/04/2016 - 15:40,Serviço,6,,,,,,,
Ministro das Comunicações,Brasília,07/04/2016 - 08:40,Bonito,07/04/2016 - 09:20,Serviço,10,,,,,,,
Ministro das Comunicações,Bonito,07/04/2016 - 14:45,Teresina,07/04/2016 - 18:50,Serviço,10,,,,,,,
Ministro do Esporte ,Interino,Rio de Janeiro (Galeão),07/04/2016 - 14:30,Brasília,07/04/2016 - 16:00,Serviço,12,,,,,,
Presidente do Banco Central do Brasil,Brasília,07/04/2016 - 08:05,São Paulo (Congonhas),07/04/2016 - 09:30,Serviço,6,,,,,,,
Presidente do Banco Central do Brasil,São Paulo (Congonhas),07/04/2016 - 17:50,Brasília,07/04/2016 - 19:15,Serviço,6,,,,,,,
Comandante do Exército,Brasília,07/04/2016 - 22:50,Rio de Janeiro (Galeão),08/04/2016 - 00:10,Serviço,28,,,,,,,
Presidente da Câmara dos Deputados,Brasília,08/04/2016 - 12:40,Rio de Janeiro (Galeão),08/04/2016 - 14:05,Residência,9,,,,,,,
Ministro da Defesa,Brasília,08/04/2016 - 11:55,Carolina,08/04/2016 - 13:20,Serviço,3,,,,,,,
Ministro da Defesa,Imperatriz,08/04/2016 - 18:45,Brasília,08/04/2016 - 20:30,Serviço,3,,,,,,,
Ministro do Trabalho e Previdência Social,Brasília,08/04/2016 - 10:45,Passo Fundo,08/04/2016 - 12:55,Serviço,8,,,,,,,
Ministra do Desenvolvimento Social e Combate à Fome,Brasília,08/04/2016 - 10:45,Belém,08/04/2016 - 13:05,Serviço,5,,,,,,,
Ministra do Desenvolvimento Social e Combate à Fome,Belém,08/04/2016 - 18:45,Brasília,08/04/2016 - 21:05,Serviço,5,,,,,,,
Ministro da Saúde,Rio de Janeiro (Galeão),08/04/2016 - 15:40,Brasília,08/04/2016 - 17:10,Serviço,11,,,,,,,
Ministro do Esporte ,Interino,Rio de Janeiro (Galeão),08/04/2016 - 23:25,Brasília,09/04/2016 - 00:55,Serviço,12,,,,,,
Ministro das Cidades,Brasília,08/04/2016 - 09:30,Rondonópolis,08/04/2016 - 09:40,Serviço,7,,,,,,,
Ministro das Cidades,Rondonópolis,08/04/2016 - 17:05,São Paulo (Congonhas),08/04/2016 - 19:50,Serviço,5,,,,,,,
Ministro-chefe da Secretaria de Portos da PR,Brasília,08/04/2016 - 09:30,Carajás,08/04/2016 - 10:40,Serviço,6,,,,,,,
Ministro-chefe da Secretaria de Portos da PR,Carajás,08/04/2016 - 18:10,Brasília,08/04/2016 - 19:55,Serviço,6,,,,,,,
Ministro Chefe do Gabinete Pessoal da Presidenta da República,Brasília,08/04/2016 - 17:55,Salvador,08/04/2016 - 19:30,Segurança,2,,,,,,,
Presidente do Supremo Tribunal Federal,Brasília,09/04/2016 - 11:10,São Paulo (Congonhas),09/04/2016 - 12:30,Serviço,2,,,,,,,
Advocacia-Geral da União,Brasília,09/04/2016 - 17:00,São Paulo (Congonhas),09/04/2016 - 18:20,Serviço,3,,,,,,,
Ministro do Esporte ,Interino,Brasília,10/04/2016 - 19:20,Rio de Janeiro (Galeão),10/04/2016 - 20:50,Serviço,12,,,,,,
Advocacia-Geral da União,São Paulo (Congonhas),10/04/2016 - 19:30,Brasília,10/04/2016 - 20:55,Serviço,3,,,,,,,
Ministro Chefe do Gabinete Pessoal da Presidenta da República,Salvador,10/04/2016 - 11:35,Brasília,10/04/2016 - 13:15,Segurança,2,,,,,,,
Comandante do Exército,Rio de Janeiro (Santa Cruz),10/04/2016 - 13:15,Brasília,10/04/2016 - 14:45,Serviço,28,,,,,,,
Presidente do Congresso Nacional,Maceió,11/04/2016 - 14:20,Brasília,11/04/2016 - 16:40,Serviço,7,,,,,,,
Presidente da Câmara dos Deputados,Rio de Janeiro (Santos Dumont),11/04/2016 - 08:10,Brasília,11/04/2016 - 09:45,Serviço,9,,,,,,,
Presidente do Supremo Tribunal Federal,São Paulo (Congonhas),11/04/2016 - 16:30,Brasília,11/04/2016 - 17:50,Serviço,2,,,,,,,
Ministro do Trabalho e Previdência Social,Brasília,11/04/2016 - 13:15,Vitória da Conquista,11/04/2016 - 14:25,Serviço,8,,,,,,,
Ministro do Trabalho e Previdência Social,Vitória da Conquista,11/04/2016 - 21:20,Brasília,11/04/2016 - 22:40,Serviço,8,,,,,,,
Ministro-chefe da Secretaria de Comunicação Social da PR,Araraquara,11/04/2016 - 07:45,São Paulo (Congonhas),11/04/2016 - 08:55,Serviço,1,,,,,,,
Ministro da Defesa,Brasília,12/04/2016 - 18:00,São Paulo (Congonhas),12/04/2016 - 19:25,Serviço,7,,,,,,,
Ministro da Defesa,São Paulo (Congonhas),12/04/2016 - 22:20,Brasília,12/04/2016 - 23:50,Serviço,7,,,,,,,
Ministro das Relações Exteriores,Brasília,12/04/2016 - 11:25,Rio de Janeiro (Santos Dumont),12/04/2016 - 12:55,Serviço,2,,,,,,,
Ministro do Esporte ,Interino,Rio de Janeiro (Galeão),12/04/2016 - 22:35,Brasília,13/04/2016 - 00:05,Serviço,12,,,,,,
Presidente do Banco Central do Brasil,Brasília,12/04/2016 - 19:00,Guarulhos,12/04/2016 - 20:35,Serviço,3,,,,,,,
Ministro-chefe da Secretaria de Portos da PR,Brasília,12/04/2016 - 06:55,Curitiba,12/04/2016 - 08:30,Serviço,20,,,,,,,
Ministro-chefe da Secretaria de Portos da PR,Curitiba,12/04/2016 - 15:40,Brasília,12/04/2016 - 17:15,Serviço,6,,,,,,,
Ministro das Relações Exteriores,Rio de Janeiro (Galeão),14/04/2016 - 19:00,Brasília,14/04/2016 - 20:30,Serviço,6,,,,,,,
Presidente do Congresso Nacional,Brasília,15/04/2016 - 11:30,Maceió,15/04/2016 - 13:35,Residência,7,,,,,,,
Presidente do Supremo Tribunal Federal,Brasília,15/04/2016 - 14:10,São Paulo (Congonhas),15/04/2016 - 15:35,Serviço,2,,,,,,,
Ministro-chefe da Secretaria de Portos da PR,Brasília,15/04/2016 - 08:00,Belém,15/04/2016 - 10:10,Serviço,8,,,,,,,
Ministro-chefe da Secretaria de Portos da PR,Belém,15/04/2016 - 20:50,Brasília,15/04/2016 - 23:10,Serviço,8,,,,,,,
Comandante do Exército,Brasília,14/04/2016 - 07:25,Manaus (Eduardo Gomes),14/04/2016 - 09:10,Serviço,35,,,,,,,
Comandante do Exército,Manaus (Eduardo Gomes),16/04/2016 - 08:05,Brasília,16/04/2016 - 11:50,Serviço,35,,,,,,,
Presidente do Congresso Nacional,Maceió,17/04/2016 - 10:20,Brasília,17/04/2016 - 12:30,Serviço,7,,,,,,,
Presidente do Supremo Tribunal Federal,São Paulo (Congonhas),18/04/2016 - 14:15,Brasília,18/04/2016 - 15:35,Serviço,2,,,,,,,
Ministro do Esporte ,Interino,Brasília,18/04/2016 - 08:20,Campinas,18/04/2016 - 09:35,Serviço,12,,,,,,
Ministro do Esporte ,Interino,Campinas,18/04/2016 - 12:55,Botucatu,18/04/2016 - 13:20,Serviço,12,,,,,,
Ministro do Esporte ,Interino,Botucatu,18/04/2016 - 17:30,Brasília,18/04/2016 - 18:45,Serviço,12,,,,,,
Presidente do Supremo Tribunal Federal,Brasília,19/04/2016 - 10:25,Palmas,19/04/2016 - 11:30,Serviço,2,,,,,,,
Presidente do Supremo Tribunal Federal,Palmas,19/04/2016 - 16:30,Brasília,19/04/2016 - 17:35,Serviço,2,,,,,,,
"Ministro da Agricultura, Pecuária e Abastecimento",Brasília,19/04/2016 - 12:00,São Paulo (Congonhas),19/04/2016 - 13:30,Serviço,6,,,,,,,
"Ministro da Agricultura, Pecuária e Abastecimento",São Paulo (Congonhas),19/04/2016 - 20:45,Brasília,19/04/2016 - 22:10,Serviço,6,,,,,,,
Ministro das Comunicações,Brasília,19/04/2016 - 08:05,Juazeiro do Norte,19/04/2016 - 10:00,Serviço,10,,,,,,,
Ministro das Comunicações,Juazeiro do Norte,19/04/2016 - 17:05,Brasília,19/04/2016 - 19:10,Serviço,10,,,,,,,
Ministro-chefe da Secretaria de Comunicação Social da PR,Brasília,19/04/2016 - 17:30,São Paulo (Congonhas),19/04/2016 - 18:55,Serviço,4,,,,,,,
Ministro-chefe do Gabinete Pessoal da Presidenta da República,Brasília,19/04/2016 - 15:20,São Paulo (Congonhas),19/04/2016 - 16:55,Segurança,2,,,,,,,
Ministro-chefe do Gabinete Pessoal da Presidenta da República,São Paulo (Congonhas),19/04/2016 - 21:40,Brasília,19/04/2016 - 22:10,Segurança,2,,,,,,,
Presidente do Congresso Nacional,Brasília,20/04/2016 - 16:35,Maceió,20/04/2016 - 18:40,Residência,7,,,,,,,
Presidente da Câmara dos Deputados,Brasília,20/04/2016 - 12:10,Rio de Janeiro (Santos Dumont),20/04/2016 - 13:35,Residência,9,,,,,,,
Ministro da Justiça,Brasília,20/04/2016 - 19:00,Belo Horizonte (Pampulha),20/04/2016 - 19:55,Serviço,2,,,,,,,
Ministro Chefe do Gab Pessoal da Presidenta da República,Brasília,20/04/2016 - 17:20,Salvador,20/04/2016 - 18:55,Segurança,1,,,,,,,
Presidente do Supremo Tribunal Federal,Brasília,21/04/2016 - 11:30,São Paulo (Congonhas),21/04/2016 - 13:00,Serviço,2,,,,,,,
Ministro da Justiça,Belo Horizonte (Pampulha),21/04/2016 - 17:40,Brasília,21/04/2016 - 18:45,Serviço,2,,,,,,,
Ministro da Defesa,Brasília,21/04/2016 - 07:00,São João Del Rei,21/04/2016 - 08:35,Serviço,6,,,,,,,
Ministro da Defesa,São João Del Rei,21/04/2016 - 18:00,Rio de Janeiro (Galeão),21/04/2016 - 18:40,Serviço,7,,,,,,,
Ministro da Defesa (1),Rio de Janeiro (Santa Cruz),22/04/2016 - 14:00,Brasília,22/04/2016 - 15:30,Serviço,10,,,,,,,
Ministro dos Esportes ,Interino,Brasília,19/04/2016 - 10:40,Fortaleza,19/04/2016 - 13:05,Serviço,6,,,,,,
Ministro dos Esportes ,Interino,Fortaleza,19/04/2016 - 14:10,Gran Canaria Island (Espanha),20/04/2016 - 00:00,Serviço,6,,,,,,
Ministro dos Esportes ,Interino,Gran Canaria Island (Espanha),20/04/2016 - 01:40,Athens (Grécia),20/04/2016 - 08:25,Serviço,6,,,,,,
Ministro dos Esportes ,Interino,Athens (Grécia),22/04/2016 - 11:20,Marrakech (Marrocos),22/04/2016 - 14:10,Serviço,6,,,,,,
Ministro dos Esportes ,Interino,Marrakech (Marrocos),22/04/2016 - 15:50,Praia (Cabo Verde),22/04/2016 - 17:20,Serviço,6,,,,,,
Ministro dos Esportes ,Interino,Praia (Cabo Verde),22/04/2016 - 18:50,Fortaleza,22/04/2016 - 20:35,Serviço,6,,,,,,
Ministro dos Esportes ,Interino,Fortaleza,22/04/2016 - 21:50,Brasília,23/04/2016 - 00:20,Serviço,6,,,,,,
Comandante da Aeronáutica (1),Rio de Janeiro (Santa Cruz),22/04/2016 - 14:00,Brasília,22/04/2016 - 15:30,Serviço,24,,,,,,,
Presidente do Congresso Nacional,Maceió,24/04/2016 - 15:25,Brasília,24/04/2016 - 17:35,Serviço,7,,,,,,,
Presidente da Câmara dos Deputados,Rio de Janeiro (Santos Dumont),24/04/2016 - 18:10,Brasília,24/04/2016 - 19:45,Serviço,9,,,,,,,
Ministro dos Esportes ,Interino,Brasília,23/04/2016 - 20:15,Rio de Janeiro (Santos Dumont),23/04/2016 - 21:40,Serviço,12,,,,,,
Ministro dos Esportes ,Interino,Rio de Janeiro (Santos Dumont),24/04/2016 - 14:30,Brasília,24/04/2016 - 16:00,Serviço,12,,,,,,
Presidente do Supremo Tribunal Federal,São Paulo (Congonhas),25/04/2016 - 14:05,Brasília,25/04/2016 - 15:30,Serviço,2,,,,,,,
Ministro da Defesa,Brasília,24/04/2016 - 18:35,Ribeirão Preto,24/04/2016 - 19:35,Serviço,7,,,,,,,
Ministro da Defesa,Ribeirão Preto,25/04/2016 - 15:40,São Paulo (Congonhas),25/04/2016 - 16:30,Serviço,12,,,,,,,
Ministro da Defesa,São Paulo (Congonhas),25/04/2016 - 22:10,Brasília,25/04/2016 - 23:40,Serviço,9,,,,,,,
Ministro das Relações Exteriores,Brasília,24/04/2016 - 17:25,Montevideo (Uruguai),24/04/2016 - 20:35,Serviço,8,,,,,,,
Ministro das Relações Exteriores,Montevideo (Uruguai),25/04/2016 - 16:05,Brasília,25/04/2016 - 19:20,Serviço,8,,,,,,,
Ministro do Trabalho e Previdência Social,Porto Alegre,25/04/2016 - 14:15,Brasília,25/04/2016 - 16:30,Serviço,8,,,,,,,
Ministro Chefe da Secretaria de Comunicação Social da PR,São Paulo (Congonhas),25/04/2016 - 16:10,Brasília,25/04/2016 - 18:25,Serviço,3,,,,,,,
Ministro Chefe do Gabinete Pessoal da Presidenta da República,Salvador,25/04/2016 - 06:40,Brasília,25/04/2016 - 08:30,Segurança,1,,,,,,,
Ministro do Trabalho e Previdência Social,Brasília,26/04/2016 - 07:25,Santa Maria,26/04/2016 - 09:40,Serviço,8,,,,,,,
Ministro do Trabalho e Previdência Social,Santa Maria,26/04/2016 - 15:10,São Paulo (Congonhas),26/04/2016 - 16:40,Serviço,8,,,,,,,
Ministra das Cidades,Brasília,26/04/2016 - 07:45,Pirassununga,26/04/2016 - 08:45,Serviço,7,,,,,,,
Ministra das Cidades,Pirassununga,26/04/2016 - 09:30,São Carlos,26/04/2016 - 09:45,Serviço,5,,,,,,,
Ministra das Cidades,São Carlos,26/04/2016 - 13:55,Pirassununga,26/04/2016 - 14:05,Serviço,5,,,,,,,
Ministra das Cidades,Pirassununga,26/04/2016 - 14:20,Brasília,26/04/2016 - 15:30,Serviço,7,,,,,,,
Comandante da Marinha,Rio de Janeiro (Santos Dumont),26/04/2016 - 17:15,Brasília,26/04/2016 - 19:00,Serviço,2,,,,,,,
Ministro da Defesa,Brasília,27/04/2016 - 17:05,Rio de Janeiro (Santos Dumont),27/04/2016 - 18:25,Serviço,9,,,,,,,
Ministro do Esporte ,Interino,Brasília,27/04/2016 - 20:05,Rio de Janeiro (Galeão),27/04/2016 - 21:25,Serviço,12,,,,,,
Presidente do Congresso Nacional,Brasília,28/04/2016 - 16:20,Maceió,28/04/2016 - 18:20,Residência,7,,,,,,,
Presidente da Câmara dos Deputados,Brasília,28/04/2016 - 20:15,Rio de Janeiro (Santos Dumont),28/04/2016 - 21:35,Residência,9,,,,,,,
Ministro da Defesa,Rio de Janeiro (Santos Dumont),28/04/2016 - 15:20,Brasília,28/04/2016 - 18:00,Serviço,8,,,,,,,
Ministro-chefe da Secretaria de Comunicação Social da PR,Brasília,28/04/2016 - 21:30,Araraquara,28/04/2016 - 23:05,Serviço,4,,,,,,,
Ministro da Defesa,Brasília,29/04/2016 - 17:10,Uberaba,29/04/2016 - 18:00,Serviço,14,,,,,,,
Ministro das Relações Exteriores (1),Brasília,28/04/2016 - 15:40,Lima (Peru),28/04/2016 - 18:30,Serviço,12,,,,,,,
Ministro da Educação,Brasília,29/04/2016 - 18:15,São Paulo (Congonhas),29/04/2016 - 19:35,Serviço,6,,,,,,,
Ministro do Trabalho e Previdência Social,Brasília,29/04/2016 - 10:35,Guarulhos,29/04/2016 - 11:55,Serviço,16,,,,,,,
"Ministro do Desenvolvimento, Indústria e Comércio Exterior (1)",Brasília,28/04/2016 - 15:40,Lima (Peru),28/04/2016 - 18:30,Serviço,10,,,,,,,
Ministro do Esporte ,Interino,Rio de Janeiro (Galeão),29/04/2016 - 17:10,Brasília,29/04/2016 - 18:50,Serviço,12,,,,,,
Ministro-chefe da Secretaria-Geral da Presidência da República,São Paulo (Congonhas),29/04/2016 - 20:35,Brasília,29/04/2016 - 22:05,Serviço,2,,,,,,,
Ministro Chefe do Gabinete Pessoal da Presidenta da República,Brasília,29/04/2016 - 06:50,Foz do Iguaçu,29/04/2016 - 08:50,Serviço,3,,,,,,,
Ministro Chefe do Gabinete Pessoal da Presidenta da República,Foz do Iguaçu,29/04/2016 - 13:10,São Paulo (Congonhas),29/04/2016 - 14:40,Serviço,3,,,,,,,
Ministro Chefe do Gabinete Pessoal da Presidenta da República,São Paulo (Congonhas),29/04/2016 - 19:20,Salvador,29/04/2016 - 21:25,Segurança,1,,,,,,,
Presidente do Supremo Tribunal Federal,Brasília,30/04/2016 - 11:25,São Paulo (Congonhas),30/04/2016 - 12:55,Serviço,2,,,,,,,
Ministro das Relações Exteriores (1),Lima (Peru),30/04/2016 - 07:45,Brasília,30/04/2016 - 13:40,Serviço,12,,,,,,,
"Ministro da Agricultura, Pecuária e Abastecimento",Brasília,30/04/2016 - 09:20,Araguaína,30/04/2016 - 10:50,Serviço,10,,,,,,,
"Ministro do Desenvolvimento, Indústria e Comércio Exterior (1)",Lima (Peru),30/04/2016 - 07:45,Brasília,30/04/2016 - 13:40,Serviço,10,,,,,,,
Ministro da Integração Nacional ,Interino,Brasília,30/04/2016 - 07:30,Uberlândia,30/04/2016 - 09:40,Serviço,6,,,,,,
Ministro da Integração Nacional ,Interino,Uberlândia,30/04/2016 - 11:20,Uberaba,30/04/2016 - 11:50,Serviço,6,,,,,,
"Ministro da Agricultura, Pecuária e Abastecimento",Araguaína,01/05/2016 - 10:15,Brasília,01/05/2016 - 11:40,Serviço,10,,,,,,,
Ministro da Integração Nacional ,Interino,Uberaba,01/05/2016 - 09:00,Brasília,01/05/2016 - 09:45,Serviço,6,,,,,,
Ministro Chefe do Gabinete Pessoal da Presidenta da República,Salvador,01/05/2016 - 17:05,Brasília,01/05/2016 - 18:55,Segurança,1,,,,,,,
Presidente do Congresso Nacional,Maceió,02/05/2016 - 15:35,Brasília,02/05/2016 - 17:55,Serviço,7,,,,,,,
Presidente da Câmara dos Deputados,Rio de Janeiro (Santos Dumont),02/05/2016 - 08:50,Brasília,02/05/2016 - 10:25,Serviço,9,,,,,,,
Ministro da Defesa,Uberaba,30/04/2016 - 13:00,Porto Velho,30/04/2016 - 15:10,Serviço,14,,,,,,,
Ministro da Defesa,Rio Branco,02/05/2016 - 15:55,Brasília,02/05/2016 - 20:50,Serviço,14,,,,,,,
Ministro da Educação,São Paulo (Congonhas),02/05/2016 - 21:55,Brasília,02/05/2016 - 23:20,Serviço,6,,,,,,,
Ministro do Trabalho e Previdência Social,Maceió,02/05/2016 - 12:15,Brasília,02/05/2016 - 14:40,Serviço,6,,,,,,,
Presidente do Supremo Tribunal Federal,São Paulo (Congonhas),03/05/2016 - 10:50,Brasília,03/05/2016 - 12:15,Serviço,2,,,,,,,
Ministro da Defesa,Brasília,03/05/2016 - 15:15,Campinas,03/05/2016 - 16:30,Serviço,14,,,,,,,
Ministro da Defesa,Campinas,03/05/2016 - 20:25,Brasília,03/05/2016 - 21:50,Serviço,14,,,,,,,
Ministro do Trabalho e Previdência Social,Brasília,03/05/2016 - 17:30,Rio de Janeiro (Santos Dumont),03/05/2016 - 18:55,Serviço,12,,,,,,,
Ministro-chefe da Secretaria de Aviação Civil da PR,Brasília,03/05/2016 - 11:20,Goiânia,03/05/2016 - 11:50,Serviço,9,,,,,,,
Presidente do Congresso Nacional,Brasília,04/05/2016 - 22:25,Maceió,05/05/2016 - 00:25,Residência,7,,,,,,,
Ministro do Esporte ,Interino,Brasília,04/05/2016 - 09:25,Rio de Janeiro (Santos Dumont),04/05/2016 - 10:50,Serviço,12,,,,,,
Ministro da Justiça,Brasília,05/05/2016 - 07:00,São Paulo (Congonhas),05/05/2016 - 08:20,Serviço,6,,,,,,,
Ministro da Justiça,São Paulo (Congonhas),05/05/2016 - 16:10,Brasília,05/05/2016 - 17:40,Serviço,6,,,,,,,
Ministro da Defesa,Brasília,04/05/2016 - 19:15,Maceió,04/05/2016 - 21:15,Serviço,14,,,,,,,
Ministro da Defesa,Maceió,05/05/2016 - 14:55,Brasília,05/05/2016 - 17:10,Serviço,14,,,,,,,
Ministro da Cultura,Brasília,05/05/2016 - 09:10,Salvador,05/05/2016 - 10:45,Serviço,5,,,,,,,
Ministro do Esporte ,Interino,Rio de Janeiro (Galeão),05/05/2016 - 14:20,Brasília,05/05/2016 - 16:00,Serviço,12,,,,,,
Ministro do Desenvolvimento Agrário,Belo Horizonte (Pampulha),05/05/2016 - 13:05,Uberaba,05/05/2016 - 14:00,Serviço,3,,,,,,,
Ministro do Desenvolvimento Agrário,Uberaba,05/05/2016 - 17:20,Montes Claros,05/05/2016 - 18:10,Serviço,6,,,,,,,
Ministro-chefe da Secretaria de Comunicação Social da PR,Brasília,04/05/2016 - 10:05,São Paulo (Congonhas),04/05/2016 - 11:35,Serviço,4,,,,,,,
Ministro-chefe da Secretaria de Comunicação Social da PR,São Paulo (Congonhas),04/05/2016 - 15:40,Ribeirão Preto,04/05/2016 - 16:15,Serviço,4,,,,,,,
Ministro-chefe da Secretaria de Comunicação Social da PR,Ribeirão Preto,05/05/2016 - 08:30,Brasília,05/05/2016 - 09:30,Serviço,4,,,,,,,
Ministro da Defesa,Brasília,06/05/2016 - 16:05,Porto Alegre,06/05/2016 - 18:25,Serviço,14,,,,,,,
"Ministro da Agricultura, Pecuária e Abastecimento",Brasília,06/05/2016 - 08:50,Palmas,06/05/2016 - 09:50,Serviço,6,,,,,,,
Ministro do Esporte ,Interino,Brasília,06/05/2016 - 07:30,Teresina,06/05/2016 - 09:20,Serviço,12,,,,,,
Ministro do Esporte ,Interino,Teresina,06/05/2016 - 13:55,Palmas,06/05/2016 - 15:15,Serviço,12,,,,,,
Ministro do Esporte ,Interino,Palmas,06/05/2016 - 18:30,Brasília,06/05/2016 - 19:30,Serviço,12,,,,,,
Ministro-chefe da Secretaria de Comunicação Social da PR,Brasília,06/05/2016 - 12:35,Araraquara,06/05/2016 - 13:35,Serviço,5,,,,,,,
Ministro-chefe da Secretaria de Aviação Civil da PR,Brasília,06/05/2016 - 15:20,Goiânia,06/05/2016 - 15:55,Serviço,16,,,,,,,
Ministro-chefe da Secretaria de Aviação Civil da PR,Goiânia,06/05/2016 - 17:05,Brasília,06/05/2016 - 17:35,Serviço,19,,,,,,,
Ministro Chefe do Gabinete Pessoal da Presidenta da República,Brasília,06/05/2016 - 16:00,Lençóis,06/05/2016 - 17:15,Segurança,2,,,,,,,
Ministro Chefe do Gabinete Pessoal da Presidenta da República,Lençóis,06/05/2016 - 17:45,Salvador,06/05/2016 - 18:25,Segurança,2,,,,,,,
Presidente do Supremo Tribunal Federal,Brasília,07/05/2016 - 11:30,São Paulo (Congonhas),07/05/2016 - 12:50,Serviço,2,,,,,,,
Ministro da Defesa,Porto Alegre,07/05/2016 - 15:50,Rio de Janeiro (Santos Dumont),07/05/2016 - 17:20,Serviço,14,,,,,,,
Advocacia-Geral da União,Brasília,07/05/2016 - 08:50,São Paulo (Congonhas),07/05/2016 - 10:15,Serviço,5,,,,,,,
Presidente da Câmara dos Deputados ,em Exercício,São Luís,08/05/2016 - 17:35,Brasília,08/05/2016 - 20:05,Serviço,9,,,,,,
Ministro da Defesa,Rio de Janeiro (Santos Dumont),08/05/2016 - 13:05,Brasília,08/05/2016 - 14:40,Serviço,14,,,,,,,
Advocacia-Geral da União,São Paulo (Congonhas),08/05/2016 - 17:50,Brasília,08/05/2016 - 19:20,Serviço,5,,,,,,,
Ministro Chefe do Gabinete Pessoal da Presidenta da República,Rio de Janeiro (Santos Dumont),08/05/2016 - 18:35,Brasília,08/05/2016 - 20:20,Segurança,1,,,,,,,
Presidente do Congresso Nacional,Maceió,09/05/2016 - 10:15,Brasília,09/05/2016 - 12:35,Serviço,7,,,,,,,
Presidente do Supremo Tribunal Federal,São Paulo (Congonhas),09/05/2016 - 13:55,Brasília,09/05/2016 - 15:20,Serviço,2,,,,,,,
Ministro do Esporte ,Interino,Brasília,09/05/2016 - 08:35,Rio de Janeiro (Galeão),09/05/2016 - 09:55,Serviço,12,,,,,,
Ministro do Esporte ,Interino,Rio de Janeiro (Galeão),09/05/2016 - 17:15,Brasília,09/05/2016 - 18:50,Serviço,12,,,,,,
Ministro-chefe da Secretaria de Comunicação Social da PR,Araraquara,09/05/2016 - 08:30,Rio de Janeiro (Galeão),09/05/2016 - 09:45,Serviço,2,,,,,,,
Ministro-chefe da Secretaria de Comunicação Social da PR,Rio de Janeiro (Santos Dumont),09/05/2016 - 15:45,Brasília,09/05/2016 - 18:10,Serviço,4,,,,,,,
Ministro da Defesa,Brasília,10/05/2016 - 07:30,Rio de Janeiro (Santos Dumont),10/05/2016 - 09:00,Serviço,14,,,,,,,
Ministro da Defesa,Rio de Janeiro (Santos Dumont),10/05/2016 - 16:00,Brasília,10/05/2016 - 17:45,Serviço,19,,,,,,,
